profile_name,system_name,run_number,player_died,survival_time,score,health_remaining,hits_taken,deaths,final_difficulty,profile_speed,profile_reaction_time,profile_dodge_chance,profile_mistake_chance,profile_detection_radius,profile_dodge_duration,profile_strafe_weight,profile_retreat_weight,initial_difficulty,average_difficulty,min_difficulty,max_difficulty,difficulty_changes,time_in_target_range,within_target_survival_range,profile,target_range_percentage
beginner,static,1,False,60.0,600,6.5,11,0,5,130.0,0.7,0.28,0.45,120.0,0.55,0.6,0.2,5,5.0,5,5,0,,True,beginner,
beginner,static,2,True,59.5,595,0.0,12,1,5,130.0,0.7,0.28,0.45,120.0,0.55,0.6,0.2,5,5.0,5,5,0,,True,beginner,
beginner,static,3,True,59.0,590,0.0,12,1,5,130.0,0.7,0.28,0.45,120.0,0.55,0.6,0.2,5,5.0,5,5,0,,True,beginner,
beginner,static,4,True,43.17,431,0.0,12,1,5,130.0,0.7,0.28,0.45,120.0,0.55,0.6,0.2,5,5.0,5,5,0,,True,beginner,
beginner,static,5,False,60.0,600,40.5,7,0,5,130.0,0.7,0.28,0.45,120.0,0.55,0.6,0.2,5,5.0,5,5,0,,True,beginner,
beginner,static,6,True,38.08,380,0.0,12,1,5,130.0,0.7,0.28,0.45,120.0,0.55,0.6,0.2,5,5.0,5,5,0,,False,beginner,
beginner,static,7,True,58.08,580,0.0,12,1,5,130.0,0.7,0.28,0.45,120.0,0.55,0.6,0.2,5,5.0,5,5,0,,True,beginner,
beginner,static,8,True,47.17,471,0.0,12,1,5,130.0,0.7,0.28,0.45,120.0,0.55,0.6,0.2,5,5.0,5,5,0,,True,beginner,
beginner,static,9,True,46.75,467,0.0,12,1,5,130.0,0.7,0.28,0.45,120.0,0.55,0.6,0.2,5,5.0,5,5,0,,True,beginner,
beginner,static,10,True,34.17,341,0.0,12,1,5,130.0,0.7,0.28,0.45,120.0,0.55,0.6,0.2,5,5.0,5,5,0,,False,beginner,
beginner,static,11,True,31.08,310,0.0,12,1,5,130.0,0.7,0.28,0.45,120.0,0.55,0.6,0.2,5,5.0,5,5,0,,False,beginner,
beginner,static,12,True,36.17,361,0.0,12,1,5,130.0,0.7,0.28,0.45,120.0,0.55,0.6,0.2,5,5.0,5,5,0,,False,beginner,
beginner,static,13,True,33.25,332,0.0,12,1,5,130.0,0.7,0.28,0.45,120.0,0.55,0.6,0.2,5,5.0,5,5,0,,False,beginner,
beginner,static,14,True,37.67,376,0.0,12,1,5,130.0,0.7,0.28,0.45,120.0,0.55,0.6,0.2,5,5.0,5,5,0,,False,beginner,
beginner,static,15,True,31.5,314,0.0,12,1,5,130.0,0.7,0.28,0.45,120.0,0.55,0.6,0.2,5,5.0,5,5,0,,False,beginner,
beginner,static,16,False,60.0,600,15.0,10,0,5,130.0,0.7,0.28,0.45,120.0,0.55,0.6,0.2,5,5.0,5,5,0,,True,beginner,
beginner,static,17,False,60.0,600,32.0,8,0,5,130.0,0.7,0.28,0.45,120.0,0.55,0.6,0.2,5,5.0,5,5,0,,True,beginner,
beginner,static,18,True,57.42,574,0.0,12,1,5,130.0,0.7,0.28,0.45,120.0,0.55,0.6,0.2,5,5.0,5,5,0,,True,beginner,
beginner,static,19,False,60.0,600,15.0,10,0,5,130.0,0.7,0.28,0.45,120.0,0.55,0.6,0.2,5,5.0,5,5,0,,True,beginner,
beginner,static,20,False,60.0,600,32.0,8,0,5,130.0,0.7,0.28,0.45,120.0,0.55,0.6,0.2,5,5.0,5,5,0,,True,beginner,
beginner,static,21,False,60.0,600,6.5,11,0,5,130.0,0.7,0.28,0.45,120.0,0.55,0.6,0.2,5,5.0,5,5,0,,True,beginner,
beginner,static,22,False,60.0,600,6.5,11,0,5,130.0,0.7,0.28,0.45,120.0,0.55,0.6,0.2,5,5.0,5,5,0,,True,beginner,
beginner,static,23,True,52.42,524,0.0,12,1,5,130.0,0.7,0.28,0.45,120.0,0.55,0.6,0.2,5,5.0,5,5,0,,True,beginner,
beginner,static,24,True,29.25,292,0.0,12,1,5,130.0,0.7,0.28,0.45,120.0,0.55,0.6,0.2,5,5.0,5,5,0,,False,beginner,
beginner,static,25,True,46.5,465,0.0,12,1,5,130.0,0.7,0.28,0.45,120.0,0.55,0.6,0.2,5,5.0,5,5,0,,True,beginner,
beginner,static,26,True,50.0,500,0.0,12,1,5,130.0,0.7,0.28,0.45,120.0,0.55,0.6,0.2,5,5.0,5,5,0,,True,beginner,
beginner,static,27,True,44.08,440,0.0,12,1,5,130.0,0.7,0.28,0.45,120.0,0.55,0.6,0.2,5,5.0,5,5,0,,True,beginner,
beginner,static,28,True,52.08,520,0.0,12,1,5,130.0,0.7,0.28,0.45,120.0,0.55,0.6,0.2,5,5.0,5,5,0,,True,beginner,
beginner,static,29,True,58.25,582,0.0,12,1,5,130.0,0.7,0.28,0.45,120.0,0.55,0.6,0.2,5,5.0,5,5,0,,True,beginner,
beginner,static,30,True,57.83,578,0.0,12,1,5,130.0,0.7,0.28,0.45,120.0,0.55,0.6,0.2,5,5.0,5,5,0,,True,beginner,
intermediate,static,1,False,60.0,600,57.5,5,0,5,170.0,0.3,0.65,0.15,220.0,0.85,0.75,0.35,5,5.0,5,5,0,,True,intermediate,
intermediate,static,2,True,57.33,573,0.0,12,1,5,170.0,0.3,0.65,0.15,220.0,0.85,0.75,0.35,5,5.0,5,5,0,,True,intermediate,
intermediate,static,3,True,55.67,556,0.0,12,1,5,170.0,0.3,0.65,0.15,220.0,0.85,0.75,0.35,5,5.0,5,5,0,,True,intermediate,
intermediate,static,4,False,60.0,600,40.5,7,0,5,170.0,0.3,0.65,0.15,220.0,0.85,0.75,0.35,5,5.0,5,5,0,,True,intermediate,
intermediate,static,5,False,60.0,600,15.0,10,0,5,170.0,0.3,0.65,0.15,220.0,0.85,0.75,0.35,5,5.0,5,5,0,,True,intermediate,
intermediate,static,6,False,60.0,600,15.0,10,0,5,170.0,0.3,0.65,0.15,220.0,0.85,0.75,0.35,5,5.0,5,5,0,,True,intermediate,
intermediate,static,7,False,60.0,600,23.5,9,0,5,170.0,0.3,0.65,0.15,220.0,0.85,0.75,0.35,5,5.0,5,5,0,,True,intermediate,
intermediate,static,8,True,47.33,473,0.0,12,1,5,170.0,0.3,0.65,0.15,220.0,0.85,0.75,0.35,5,5.0,5,5,0,,True,intermediate,
intermediate,static,9,True,46.42,464,0.0,12,1,5,170.0,0.3,0.65,0.15,220.0,0.85,0.75,0.35,5,5.0,5,5,0,,True,intermediate,
intermediate,static,10,False,60.0,600,23.5,9,0,5,170.0,0.3,0.65,0.15,220.0,0.85,0.75,0.35,5,5.0,5,5,0,,True,intermediate,
intermediate,static,11,True,50.83,508,0.0,12,1,5,170.0,0.3,0.65,0.15,220.0,0.85,0.75,0.35,5,5.0,5,5,0,,True,intermediate,
intermediate,static,12,False,60.0,600,23.5,9,0,5,170.0,0.3,0.65,0.15,220.0,0.85,0.75,0.35,5,5.0,5,5,0,,True,intermediate,
intermediate,static,13,True,50.5,505,0.0,12,1,5,170.0,0.3,0.65,0.15,220.0,0.85,0.75,0.35,5,5.0,5,5,0,,True,intermediate,
intermediate,static,14,False,60.0,600,6.5,11,0,5,170.0,0.3,0.65,0.15,220.0,0.85,0.75,0.35,5,5.0,5,5,0,,True,intermediate,
intermediate,static,15,False,60.0,600,6.5,11,0,5,170.0,0.3,0.65,0.15,220.0,0.85,0.75,0.35,5,5.0,5,5,0,,True,intermediate,
intermediate,static,16,False,60.0,600,15.0,10,0,5,170.0,0.3,0.65,0.15,220.0,0.85,0.75,0.35,5,5.0,5,5,0,,True,intermediate,
intermediate,static,17,False,60.0,600,57.5,5,0,5,170.0,0.3,0.65,0.15,220.0,0.85,0.75,0.35,5,5.0,5,5,0,,True,intermediate,
intermediate,static,18,True,54.58,545,0.0,12,1,5,170.0,0.3,0.65,0.15,220.0,0.85,0.75,0.35,5,5.0,5,5,0,,True,intermediate,
intermediate,static,19,False,60.0,600,6.5,11,0,5,170.0,0.3,0.65,0.15,220.0,0.85,0.75,0.35,5,5.0,5,5,0,,True,intermediate,
intermediate,static,20,False,60.0,600,40.5,7,0,5,170.0,0.3,0.65,0.15,220.0,0.85,0.75,0.35,5,5.0,5,5,0,,True,intermediate,
intermediate,static,21,False,60.0,600,6.5,11,0,5,170.0,0.3,0.65,0.15,220.0,0.85,0.75,0.35,5,5.0,5,5,0,,True,intermediate,
intermediate,static,22,False,60.0,600,49.0,6,0,5,170.0,0.3,0.65,0.15,220.0,0.85,0.75,0.35,5,5.0,5,5,0,,True,intermediate,
intermediate,static,23,True,42.33,423,0.0,12,1,5,170.0,0.3,0.65,0.15,220.0,0.85,0.75,0.35,5,5.0,5,5,0,,True,intermediate,
intermediate,static,24,True,36.08,360,0.0,12,1,5,170.0,0.3,0.65,0.15,220.0,0.85,0.75,0.35,5,5.0,5,5,0,,False,intermediate,
intermediate,static,25,False,60.0,600,32.0,8,0,5,170.0,0.3,0.65,0.15,220.0,0.85,0.75,0.35,5,5.0,5,5,0,,True,intermediate,
intermediate,static,26,False,60.0,600,57.5,5,0,5,170.0,0.3,0.65,0.15,220.0,0.85,0.75,0.35,5,5.0,5,5,0,,True,intermediate,
intermediate,static,27,True,57.42,574,0.0,12,1,5,170.0,0.3,0.65,0.15,220.0,0.85,0.75,0.35,5,5.0,5,5,0,,True,intermediate,
intermediate,static,28,False,60.0,600,6.5,11,0,5,170.0,0.3,0.65,0.15,220.0,0.85,0.75,0.35,5,5.0,5,5,0,,True,intermediate,
intermediate,static,29,False,60.0,600,40.5,7,0,5,170.0,0.3,0.65,0.15,220.0,0.85,0.75,0.35,5,5.0,5,5,0,,True,intermediate,
intermediate,static,30,True,49.33,493,0.0,12,1,5,170.0,0.3,0.65,0.15,220.0,0.85,0.75,0.35,5,5.0,5,5,0,,True,intermediate,
skilled,static,1,True,56.08,560,0.0,12,1,5,195.0,0.2,0.85,0.06,260.0,0.95,0.85,0.4,5,5.0,5,5,0,,True,skilled,
skilled,static,2,False,60.0,600,23.5,9,0,5,195.0,0.2,0.85,0.06,260.0,0.95,0.85,0.4,5,5.0,5,5,0,,True,skilled,
skilled,static,3,False,60.0,600,57.5,5,0,5,195.0,0.2,0.85,0.06,260.0,0.95,0.85,0.4,5,5.0,5,5,0,,True,skilled,
skilled,static,4,False,60.0,600,32.0,8,0,5,195.0,0.2,0.85,0.06,260.0,0.95,0.85,0.4,5,5.0,5,5,0,,True,skilled,
skilled,static,5,False,60.0,600,32.0,8,0,5,195.0,0.2,0.85,0.06,260.0,0.95,0.85,0.4,5,5.0,5,5,0,,True,skilled,
skilled,static,6,False,60.0,601,6.5,11,0,5,195.0,0.2,0.85,0.06,260.0,0.95,0.85,0.4,5,5.0,5,5,0,,True,skilled,
skilled,static,7,False,60.0,600,40.5,7,0,5,195.0,0.2,0.85,0.06,260.0,0.95,0.85,0.4,5,5.0,5,5,0,,True,skilled,
skilled,static,8,False,60.0,600,6.5,11,0,5,195.0,0.2,0.85,0.06,260.0,0.95,0.85,0.4,5,5.0,5,5,0,,True,skilled,
skilled,static,9,False,60.0,600,6.5,11,0,5,195.0,0.2,0.85,0.06,260.0,0.95,0.85,0.4,5,5.0,5,5,0,,True,skilled,
skilled,static,10,False,60.0,600,6.5,11,0,5,195.0,0.2,0.85,0.06,260.0,0.95,0.85,0.4,5,5.0,5,5,0,,True,skilled,
skilled,static,11,False,60.0,600,23.5,9,0,5,195.0,0.2,0.85,0.06,260.0,0.95,0.85,0.4,5,5.0,5,5,0,,True,skilled,
skilled,static,12,False,60.0,600,32.0,8,0,5,195.0,0.2,0.85,0.06,260.0,0.95,0.85,0.4,5,5.0,5,5,0,,True,skilled,
skilled,static,13,True,47.5,475,0.0,12,1,5,195.0,0.2,0.85,0.06,260.0,0.95,0.85,0.4,5,5.0,5,5,0,,True,skilled,
skilled,static,14,False,60.0,600,49.0,6,0,5,195.0,0.2,0.85,0.06,260.0,0.95,0.85,0.4,5,5.0,5,5,0,,True,skilled,
skilled,static,15,True,57.5,575,0.0,12,1,5,195.0,0.2,0.85,0.06,260.0,0.95,0.85,0.4,5,5.0,5,5,0,,True,skilled,
skilled,static,16,False,60.0,600,66.0,4,0,5,195.0,0.2,0.85,0.06,260.0,0.95,0.85,0.4,5,5.0,5,5,0,,True,skilled,
skilled,static,17,False,60.0,600,15.0,10,0,5,195.0,0.2,0.85,0.06,260.0,0.95,0.85,0.4,5,5.0,5,5,0,,True,skilled,
skilled,static,18,False,60.0,600,6.5,11,0,5,195.0,0.2,0.85,0.06,260.0,0.95,0.85,0.4,5,5.0,5,5,0,,True,skilled,
skilled,static,19,False,60.0,600,57.5,5,0,5,195.0,0.2,0.85,0.06,260.0,0.95,0.85,0.4,5,5.0,5,5,0,,True,skilled,
skilled,static,20,False,60.0,600,6.5,11,0,5,195.0,0.2,0.85,0.06,260.0,0.95,0.85,0.4,5,5.0,5,5,0,,True,skilled,
skilled,static,21,False,60.0,600,40.5,7,0,5,195.0,0.2,0.85,0.06,260.0,0.95,0.85,0.4,5,5.0,5,5,0,,True,skilled,
skilled,static,22,False,60.0,600,49.0,6,0,5,195.0,0.2,0.85,0.06,260.0,0.95,0.85,0.4,5,5.0,5,5,0,,True,skilled,
skilled,static,23,False,60.0,600,40.5,7,0,5,195.0,0.2,0.85,0.06,260.0,0.95,0.85,0.4,5,5.0,5,5,0,,True,skilled,
skilled,static,24,False,60.0,600,32.0,8,0,5,195.0,0.2,0.85,0.06,260.0,0.95,0.85,0.4,5,5.0,5,5,0,,True,skilled,
skilled,static,25,False,60.0,600,66.0,4,0,5,195.0,0.2,0.85,0.06,260.0,0.95,0.85,0.4,5,5.0,5,5,0,,True,skilled,
skilled,static,26,True,58.5,585,0.0,12,1,5,195.0,0.2,0.85,0.06,260.0,0.95,0.85,0.4,5,5.0,5,5,0,,True,skilled,
skilled,static,27,False,60.0,600,49.0,6,0,5,195.0,0.2,0.85,0.06,260.0,0.95,0.85,0.4,5,5.0,5,5,0,,True,skilled,
skilled,static,28,False,60.0,600,32.0,8,0,5,195.0,0.2,0.85,0.06,260.0,0.95,0.85,0.4,5,5.0,5,5,0,,True,skilled,
skilled,static,29,True,52.25,522,0.0,12,1,5,195.0,0.2,0.85,0.06,260.0,0.95,0.85,0.4,5,5.0,5,5,0,,True,skilled,
skilled,static,30,False,60.0,600,57.5,5,0,5,195.0,0.2,0.85,0.06,260.0,0.95,0.85,0.4,5,5.0,5,5,0,,True,skilled,
inconsistent,static,1,False,60.0,600,40.5,7,0,5,163.99,0.37,0.35,0.38,158.05,0.75,0.65,0.25,5,5.0,5,5,0,,True,inconsistent,
inconsistent,static,2,True,59.58,595,0.0,12,1,5,187.45,0.53,0.73,0.25,231.27,0.69,0.77,0.2,5,5.0,5,5,0,,True,inconsistent,
inconsistent,static,3,True,56.08,560,0.0,12,1,5,173.21,0.52,0.42,0.22,179.35,0.74,0.79,0.32,5,5.0,5,5,0,,True,inconsistent,
inconsistent,static,4,True,52.92,529,0.0,12,1,5,189.35,0.56,0.8,0.24,183.19,0.88,0.68,0.23,5,5.0,5,5,0,,True,inconsistent,
inconsistent,static,5,True,59.58,595,0.0,12,1,5,168.1,0.28,0.6,0.28,148.77,0.94,0.63,0.43,5,5.0,5,5,0,,True,inconsistent,
inconsistent,static,6,True,48.0,480,0.0,12,1,5,156.29,0.34,0.57,0.08,197.6,0.88,0.64,0.37,5,5.0,5,5,0,,True,inconsistent,
inconsistent,static,7,True,55.33,553,0.0,12,1,5,186.09,0.38,0.5,0.23,182.7,0.92,0.75,0.37,5,5.0,5,5,0,,True,inconsistent,
inconsistent,static,8,False,60.0,600,15.0,10,0,5,142.69,0.26,0.5,0.36,148.38,0.7,0.81,0.35,5,5.0,5,5,0,,True,inconsistent,
inconsistent,static,9,False,60.0,600,15.0,10,0,5,142.12,0.39,0.5,0.1,174.35,0.87,0.69,0.36,5,5.0,5,5,0,,True,inconsistent,
inconsistent,static,10,False,60.0,600,15.0,10,0,5,191.82,0.44,0.39,0.21,232.47,0.75,0.81,0.23,5,5.0,5,5,0,,True,inconsistent,
inconsistent,static,11,False,60.0,600,6.5,11,0,5,187.04,0.42,0.83,0.39,146.79,0.74,0.8,0.21,5,5.0,5,5,0,,True,inconsistent,
inconsistent,static,12,False,60.0,600,57.5,5,0,5,138.19,0.51,0.67,0.08,175.62,0.9,0.84,0.32,5,5.0,5,5,0,,True,inconsistent,
inconsistent,static,13,True,50.17,501,0.0,12,1,5,192.34,0.62,0.7,0.31,146.08,0.74,0.65,0.33,5,5.0,5,5,0,,True,inconsistent,
inconsistent,static,14,True,42.83,428,0.0,12,1,5,172.01,0.35,0.67,0.37,153.98,0.65,0.83,0.2,5,5.0,5,5,0,,True,inconsistent,
inconsistent,static,15,True,55.75,557,0.0,12,1,5,165.39,0.54,0.48,0.32,194.93,0.65,0.77,0.27,5,5.0,5,5,0,,True,inconsistent,
inconsistent,static,16,False,60.0,600,32.0,8,0,5,136.22,0.33,0.59,0.12,218.62,0.64,0.75,0.37,5,5.0,5,5,0,,True,inconsistent,
inconsistent,static,17,False,60.0,600,32.0,8,0,5,138.54,0.24,0.42,0.14,229.03,0.82,0.75,0.22,5,5.0,5,5,0,,True,inconsistent,
inconsistent,static,18,True,44.0,440,0.0,12,1,5,180.4,0.62,0.77,0.39,231.54,0.68,0.79,0.35,5,5.0,5,5,0,,True,inconsistent,
inconsistent,static,19,False,60.0,600,15.0,10,0,5,179.47,0.48,0.78,0.25,178.07,0.86,0.77,0.28,5,5.0,5,5,0,,True,inconsistent,
inconsistent,static,20,False,60.0,600,32.0,8,0,5,152.23,0.37,0.55,0.22,255.91,0.88,0.64,0.38,5,5.0,5,5,0,,True,inconsistent,
inconsistent,static,21,False,60.0,600,6.5,11,0,5,187.22,0.3,0.63,0.4,251.97,0.84,0.72,0.36,5,5.0,5,5,0,,True,inconsistent,
inconsistent,static,22,False,60.0,600,40.5,7,0,5,159.87,0.62,0.73,0.16,157.06,0.68,0.65,0.45,5,5.0,5,5,0,,True,inconsistent,
inconsistent,static,23,False,60.0,600,32.0,8,0,5,141.6,0.36,0.54,0.14,257.37,0.73,0.79,0.36,5,5.0,5,5,0,,True,inconsistent,
inconsistent,static,24,True,51.25,512,0.0,12,1,5,174.42,0.65,0.82,0.19,164.53,0.86,0.83,0.34,5,5.0,5,5,0,,True,inconsistent,
inconsistent,static,25,False,60.0,600,49.0,6,0,5,169.49,0.57,0.84,0.32,219.07,0.8,0.84,0.44,5,5.0,5,5,0,,True,inconsistent,
inconsistent,static,26,True,49.08,490,0.0,12,1,5,148.54,0.53,0.4,0.24,170.53,0.83,0.69,0.43,5,5.0,5,5,0,,True,inconsistent,
inconsistent,static,27,False,60.0,600,57.5,5,0,5,188.65,0.48,0.72,0.17,222.87,0.84,0.76,0.25,5,5.0,5,5,0,,True,inconsistent,
inconsistent,static,28,False,60.0,600,40.5,7,0,5,194.66,0.36,0.38,0.13,154.2,0.71,0.7,0.35,5,5.0,5,5,0,,True,inconsistent,
inconsistent,static,29,True,41.33,413,0.0,12,1,5,155.97,0.43,0.35,0.2,189.91,0.72,0.71,0.33,5,5.0,5,5,0,,True,inconsistent,
inconsistent,static,30,False,60.0,600,23.5,9,0,5,166.56,0.21,0.41,0.11,213.16,0.81,0.8,0.31,5,5.0,5,5,0,,True,inconsistent,
improving,static,1,True,19.0,190,0.0,12,1,5,130.0,0.7,0.28,0.45,120.0,0.55,0.6,0.2,5,5.0,5,5,0,,False,improving,
improving,static,2,True,58.42,584,0.0,12,1,5,132.24,0.68,0.3,0.44,124.83,0.56,0.61,0.21,5,5.0,5,5,0,,True,improving,
improving,static,3,True,56.33,563,0.0,12,1,5,134.48,0.67,0.32,0.42,129.66,0.58,0.62,0.21,5,5.0,5,5,0,,True,improving,
improving,static,4,True,41.17,411,0.0,12,1,5,136.72,0.65,0.34,0.41,134.48,0.59,0.63,0.22,5,5.0,5,5,0,,True,improving,
improving,static,5,True,59.17,591,0.0,12,1,5,138.97,0.63,0.36,0.4,139.31,0.61,0.63,0.23,5,5.0,5,5,0,,True,improving,
improving,static,6,True,57.58,575,0.0,12,1,5,141.21,0.61,0.38,0.38,144.14,0.62,0.64,0.23,5,5.0,5,5,0,,True,improving,
improving,static,7,True,59.58,595,0.0,12,1,5,143.45,0.6,0.4,0.37,148.97,0.63,0.65,0.24,5,5.0,5,5,0,,True,improving,
improving,static,8,True,42.25,422,0.0,12,1,5,145.69,0.58,0.42,0.36,153.79,0.65,0.66,0.25,5,5.0,5,5,0,,True,improving,
improving,static,9,True,38.83,388,0.0,12,1,5,147.93,0.56,0.44,0.34,158.62,0.66,0.67,0.26,5,5.0,5,5,0,,False,improving,
improving,static,10,False,60.0,600,6.5,11,0,5,150.17,0.54,0.46,0.33,163.45,0.67,0.68,0.26,5,5.0,5,5,0,,True,improving,
improving,static,11,True,47.5,475,0.0,12,1,5,152.41,0.53,0.48,0.32,168.28,0.69,0.69,0.27,5,5.0,5,5,0,,True,improving,
improving,static,12,True,25.92,259,0.0,12,1,5,154.66,0.51,0.5,0.3,173.1,0.7,0.69,0.28,5,5.0,5,5,0,,False,improving,
improving,static,13,True,41.67,416,0.0,12,1,5,156.9,0.49,0.52,0.29,177.93,0.72,0.7,0.28,5,5.0,5,5,0,,True,improving,
improving,static,14,True,43.5,435,0.0,12,1,5,159.14,0.48,0.54,0.28,182.76,0.73,0.71,0.29,5,5.0,5,5,0,,True,improving,
improving,static,15,True,59.25,592,0.0,12,1,5,161.38,0.46,0.56,0.26,187.59,0.74,0.72,0.3,5,5.0,5,5,0,,True,improving,
improving,static,16,False,60.0,600,6.5,11,0,5,163.62,0.44,0.57,0.25,192.41,0.76,0.73,0.3,5,5.0,5,5,0,,True,improving,
improving,static,17,True,30.0,299,0.0,12,1,5,165.86,0.42,0.59,0.23,197.24,0.77,0.74,0.31,5,5.0,5,5,0,,False,improving,
improving,static,18,False,60.0,600,74.5,3,0,5,168.1,0.41,0.61,0.22,202.07,0.78,0.75,0.32,5,5.0,5,5,0,,True,improving,
improving,static,19,False,60.0,600,15.0,10,0,5,170.34,0.39,0.63,0.21,206.9,0.8,0.76,0.32,5,5.0,5,5,0,,True,improving,
improving,static,20,True,52.67,526,0.0,12,1,5,172.59,0.37,0.65,0.19,211.72,0.81,0.76,0.33,5,5.0,5,5,0,,True,improving,
improving,static,21,False,60.0,600,15.0,10,0,5,174.83,0.36,0.67,0.18,216.55,0.83,0.77,0.34,5,5.0,5,5,0,,True,improving,
improving,static,22,False,60.0,600,32.0,8,0,5,177.07,0.34,0.69,0.17,221.38,0.84,0.78,0.34,5,5.0,5,5,0,,True,improving,
improving,static,23,False,60.0,600,15.0,10,0,5,179.31,0.32,0.71,0.15,226.21,0.85,0.79,0.35,5,5.0,5,5,0,,True,improving,
improving,static,24,True,53.75,537,0.0,12,1,5,181.55,0.3,0.73,0.14,231.03,0.87,0.8,0.36,5,5.0,5,5,0,,True,improving,
improving,static,25,False,60.0,600,40.5,7,0,5,183.79,0.29,0.75,0.13,235.86,0.88,0.81,0.37,5,5.0,5,5,0,,True,improving,
improving,static,26,False,60.0,600,40.5,7,0,5,186.03,0.27,0.77,0.11,240.69,0.89,0.82,0.37,5,5.0,5,5,0,,True,improving,
improving,static,27,False,60.0,600,23.5,9,0,5,188.28,0.25,0.79,0.1,245.52,0.91,0.82,0.38,5,5.0,5,5,0,,True,improving,
improving,static,28,False,60.0,600,32.0,8,0,5,190.52,0.23,0.81,0.09,250.34,0.92,0.83,0.39,5,5.0,5,5,0,,True,improving,
improving,static,29,False,60.0,600,49.0,6,0,5,192.76,0.22,0.83,0.07,255.17,0.94,0.84,0.39,5,5.0,5,5,0,,True,improving,
improving,static,30,False,60.0,600,6.5,11,0,5,195.0,0.2,0.85,0.06,260.0,0.95,0.85,0.4,5,5.0,5,5,0,,True,improving,
beginner,rule_based,1,False,60.0,600,4.3,12,0,1,130.0,0.7,0.28,0.45,120.0,0.55,0.6,0.2,5,4.21,1,5,4,28.77,,beginner,47.95
beginner,rule_based,2,False,60.0,600,4.3,12,0,1,130.0,0.7,0.28,0.45,120.0,0.55,0.6,0.2,5,4.22,1,5,4,30.67,,beginner,51.11
beginner,rule_based,3,False,60.0,600,15.7,10,0,3,130.0,0.7,0.28,0.45,120.0,0.55,0.6,0.2,5,4.78,3,5,2,40.33,,beginner,67.22
beginner,rule_based,4,True,36.33,363,0.0,13,1,1,130.0,0.7,0.28,0.45,120.0,0.55,0.6,0.2,5,4.08,1,5,4,11.42,,beginner,31.42
beginner,rule_based,5,True,29.5,294,0.0,12,1,4,130.0,0.7,0.28,0.45,120.0,0.55,0.6,0.2,5,4.86,4,5,1,11.83,,beginner,40.11
beginner,rule_based,6,True,22.5,224,0.0,12,1,4,130.0,0.7,0.28,0.45,120.0,0.55,0.6,0.2,5,4.9,4,5,1,11.83,,beginner,52.59
beginner,rule_based,7,True,47.83,478,0.0,13,1,2,130.0,0.7,0.28,0.45,120.0,0.55,0.6,0.2,5,4.55,2,5,3,18.83,,beginner,39.37
beginner,rule_based,8,True,53.17,531,0.0,13,1,3,130.0,0.7,0.28,0.45,120.0,0.55,0.6,0.2,5,4.82,3,5,2,28.25,,beginner,53.13
beginner,rule_based,9,False,60.0,600,19.2,10,0,0,130.0,0.7,0.28,0.45,120.0,0.55,0.6,0.2,5,3.81,0,5,5,35.67,,beginner,59.44
beginner,rule_based,10,True,35.42,354,0.0,13,1,3,130.0,0.7,0.28,0.45,120.0,0.55,0.6,0.2,5,4.58,3,5,2,17.42,,beginner,49.18
beginner,rule_based,11,True,50.92,509,0.0,13,1,0,130.0,0.7,0.28,0.45,120.0,0.55,0.6,0.2,5,3.99,0,5,5,20.5,,beginner,40.26
beginner,rule_based,12,False,60.0,600,23.5,9,0,0,130.0,0.7,0.28,0.45,120.0,0.55,0.6,0.2,5,3.81,0,5,5,25.92,,beginner,43.19
beginner,rule_based,13,True,57.92,579,0.0,13,1,3,130.0,0.7,0.28,0.45,120.0,0.55,0.6,0.2,5,4.84,3,5,2,34.58,,beginner,59.71
beginner,rule_based,14,True,33.0,329,0.0,13,1,1,130.0,0.7,0.28,0.45,120.0,0.55,0.6,0.2,5,3.77,1,5,4,11.17,,beginner,33.84
beginner,rule_based,15,False,60.0,600,11.4,11,0,0,130.0,0.7,0.28,0.45,120.0,0.55,0.6,0.2,5,3.81,0,5,5,23.67,,beginner,39.44
beginner,rule_based,16,False,60.0,600,4.3,12,0,1,130.0,0.7,0.28,0.45,120.0,0.55,0.6,0.2,5,4.21,1,5,4,35.75,,beginner,59.58
beginner,rule_based,17,True,36.17,361,0.0,12,1,4,130.0,0.7,0.28,0.45,120.0,0.55,0.6,0.2,5,4.98,4,5,1,15.42,,beginner,42.63
beginner,rule_based,18,True,51.42,514,0.0,13,1,2,130.0,0.7,0.28,0.45,120.0,0.55,0.6,0.2,5,4.67,2,5,3,32.17,,beginner,62.56
beginner,rule_based,19,True,30.67,306,0.0,13,1,2,130.0,0.7,0.28,0.45,120.0,0.55,0.6,0.2,5,4.49,2,5,3,12.08,,beginner,39.4
beginner,rule_based,20,True,57.83,578,0.0,13,1,1,130.0,0.7,0.28,0.45,120.0,0.55,0.6,0.2,5,4.34,1,5,4,23.25,,beginner,40.2
beginner,rule_based,21,True,22.0,219,0.0,12,1,4,130.0,0.7,0.28,0.45,120.0,0.55,0.6,0.2,5,4.92,4,5,1,11.67,,beginner,53.03
beginner,rule_based,22,False,60.0,600,17.8,10,0,0,130.0,0.7,0.28,0.45,120.0,0.55,0.6,0.2,5,2.96,0,5,5,20.58,,beginner,34.31
beginner,rule_based,23,True,58.17,581,0.0,13,1,0,130.0,0.7,0.28,0.45,120.0,0.55,0.6,0.2,5,3.93,0,5,5,30.75,,beginner,52.87
beginner,rule_based,24,True,48.08,480,0.0,13,1,0,130.0,0.7,0.28,0.45,120.0,0.55,0.6,0.2,5,3.7,0,5,5,15.83,,beginner,32.93
beginner,rule_based,25,True,41.25,412,0.0,12,1,3,130.0,0.7,0.28,0.45,120.0,0.55,0.6,0.2,5,4.85,3,5,2,23.08,,beginner,55.96
beginner,rule_based,26,True,45.25,452,0.0,12,1,3,130.0,0.7,0.28,0.45,120.0,0.55,0.6,0.2,5,4.69,3,5,2,25.25,,beginner,55.8
beginner,rule_based,27,False,60.0,600,0.8,12,0,0,130.0,0.7,0.28,0.45,120.0,0.55,0.6,0.2,5,2.96,0,5,5,20.33,,beginner,33.89
beginner,rule_based,28,True,37.33,373,0.0,13,1,3,130.0,0.7,0.28,0.45,120.0,0.55,0.6,0.2,5,4.77,3,5,2,18.08,,beginner,48.44
beginner,rule_based,29,True,37.33,373,0.0,13,1,1,130.0,0.7,0.28,0.45,120.0,0.55,0.6,0.2,5,4.0,1,5,4,18.92,,beginner,50.67
beginner,rule_based,30,True,28.33,283,0.0,12,1,4,130.0,0.7,0.28,0.45,120.0,0.55,0.6,0.2,5,4.9,4,5,1,14.0,,beginner,49.41
intermediate,rule_based,1,False,60.0,600,49.0,6,0,5,170.0,0.3,0.65,0.15,220.0,0.85,0.75,0.35,5,5.0,5,5,0,43.25,,intermediate,72.08
intermediate,rule_based,2,False,60.0,600,23.5,9,0,0,170.0,0.3,0.65,0.15,220.0,0.85,0.75,0.35,5,2.54,0,5,5,14.17,,intermediate,23.61
intermediate,rule_based,3,False,60.0,600,32.0,8,0,5,170.0,0.3,0.65,0.15,220.0,0.85,0.75,0.35,5,5.0,5,5,0,51.75,,intermediate,86.25
intermediate,rule_based,4,False,60.0,600,32.0,8,0,5,170.0,0.3,0.65,0.15,220.0,0.85,0.75,0.35,5,5.0,5,5,0,42.33,,intermediate,70.56
intermediate,rule_based,5,False,60.0,600,32.0,8,0,4,170.0,0.3,0.65,0.15,220.0,0.85,0.75,0.35,5,4.93,4,5,1,45.83,,intermediate,76.38
intermediate,rule_based,6,True,51.17,511,0.0,11,1,4,170.0,0.3,0.65,0.15,220.0,0.85,0.75,0.35,5,5.49,4,6,3,19.92,,intermediate,38.93
intermediate,rule_based,7,True,50.83,508,0.0,11,1,4,170.0,0.3,0.65,0.15,220.0,0.85,0.75,0.35,5,5.5,4,6,3,20.0,,intermediate,39.34
intermediate,rule_based,8,True,50.25,502,0.0,9,1,9,170.0,0.3,0.65,0.15,220.0,0.85,0.75,0.35,5,6.77,5,9,4,9.92,,intermediate,19.73
intermediate,rule_based,9,False,60.0,600,32.0,8,0,4,170.0,0.3,0.65,0.15,220.0,0.85,0.75,0.35,5,4.93,4,5,1,48.75,,intermediate,81.25
intermediate,rule_based,10,False,60.0,600,15.0,10,0,0,170.0,0.3,0.65,0.15,220.0,0.85,0.75,0.35,5,3.38,0,5,5,17.0,,intermediate,28.33
intermediate,rule_based,11,False,60.0,600,15.0,10,0,3,170.0,0.3,0.65,0.15,220.0,0.85,0.75,0.35,5,4.78,3,5,2,38.5,,intermediate,64.17
intermediate,rule_based,12,False,60.0,600,15.7,10,0,2,170.0,0.3,0.65,0.15,220.0,0.85,0.75,0.35,5,4.54,2,5,3,30.0,,intermediate,50.0
intermediate,rule_based,13,False,60.0,600,32.0,8,0,4,170.0,0.3,0.65,0.15,220.0,0.85,0.75,0.35,5,4.93,4,5,1,43.67,,intermediate,72.78
intermediate,rule_based,14,False,60.0,600,10.7,11,0,0,170.0,0.3,0.65,0.15,220.0,0.85,0.75,0.35,5,3.38,0,5,5,18.25,,intermediate,30.42
intermediate,rule_based,15,False,60.0,600,32.0,8,0,2,170.0,0.3,0.65,0.15,220.0,0.85,0.75,0.35,5,4.54,2,5,3,43.33,,intermediate,72.22
intermediate,rule_based,16,True,44.0,440,0.0,10,1,6,170.0,0.3,0.65,0.15,220.0,0.85,0.75,0.35,5,5.88,5,7,3,8.25,,intermediate,18.75
intermediate,rule_based,17,False,60.0,600,10.3,9,0,3,170.0,0.3,0.65,0.15,220.0,0.85,0.75,0.35,5,5.46,3,7,6,8.25,,intermediate,13.75
intermediate,rule_based,18,False,60.0,600,32.0,8,0,5,170.0,0.3,0.65,0.15,220.0,0.85,0.75,0.35,5,5.0,5,5,0,44.07,,intermediate,73.46
intermediate,rule_based,19,True,51.92,519,0.0,10,1,5,170.0,0.3,0.65,0.15,220.0,0.85,0.75,0.35,5,5.98,5,7,4,13.08,,intermediate,25.2
intermediate,rule_based,20,True,56.25,562,0.0,13,1,0,170.0,0.3,0.65,0.15,220.0,0.85,0.75,0.35,5,3.61,0,5,5,20.25,,intermediate,36.0
intermediate,rule_based,21,False,60.0,600,32.0,8,0,2,170.0,0.3,0.65,0.15,220.0,0.85,0.75,0.35,5,4.54,2,5,3,40.67,,intermediate,67.78
intermediate,rule_based,22,True,43.67,436,0.0,10,1,5,170.0,0.3,0.65,0.15,220.0,0.85,0.75,0.35,5,5.7,5,7,4,4.92,,intermediate,11.26
intermediate,rule_based,23,False,60.0,600,2.0,11,0,2,170.0,0.3,0.65,0.15,220.0,0.85,0.75,0.35,5,4.88,2,6,5,14.42,,intermediate,24.03
intermediate,rule_based,24,True,56.83,568,0.0,10,1,5,170.0,0.3,0.65,0.15,220.0,0.85,0.75,0.35,5,6.07,5,7,4,23.33,,intermediate,41.06
intermediate,rule_based,25,False,60.0,600,32.0,8,0,1,170.0,0.3,0.65,0.15,220.0,0.85,0.75,0.35,5,4.22,1,5,4,49.42,,intermediate,82.36
intermediate,rule_based,26,False,60.0,600,23.5,9,0,2,170.0,0.3,0.65,0.15,220.0,0.85,0.75,0.35,5,4.54,2,5,3,39.16,,intermediate,65.26
intermediate,rule_based,27,True,52.25,522,0.0,11,1,4,170.0,0.3,0.65,0.15,220.0,0.85,0.75,0.35,5,5.46,4,6,3,19.08,,intermediate,36.52
intermediate,rule_based,28,True,45.25,452,0.0,11,1,5,170.0,0.3,0.65,0.15,220.0,0.85,0.75,0.35,5,5.45,5,6,2,13.83,,intermediate,30.57
intermediate,rule_based,29,True,45.67,456,0.0,10,1,7,170.0,0.3,0.65,0.15,220.0,0.85,0.75,0.35,5,6.0,5,7,2,13.75,,intermediate,30.11
intermediate,rule_based,30,False,60.0,600,32.0,8,0,2,170.0,0.3,0.65,0.15,220.0,0.85,0.75,0.35,5,4.54,2,5,3,48.67,,intermediate,81.11
skilled,rule_based,1,True,44.58,445,0.0,10,1,7,195.0,0.2,0.85,0.06,260.0,0.95,0.85,0.4,5,6.21,5,8,4,6.83,,skilled,15.33
skilled,rule_based,2,False,60.0,600,15.0,10,0,2,195.0,0.2,0.85,0.06,260.0,0.95,0.85,0.4,5,4.54,2,5,3,30.08,,skilled,50.14
skilled,rule_based,3,True,55.5,555,0.0,10,1,7,195.0,0.2,0.85,0.06,260.0,0.95,0.85,0.4,5,6.18,5,7,2,23.92,,skilled,43.09
skilled,rule_based,4,False,60.0,600,32.0,8,0,3,195.0,0.2,0.85,0.06,260.0,0.95,0.85,0.4,5,4.78,3,5,2,51.92,,skilled,86.53
skilled,rule_based,5,True,42.83,428,0.0,11,1,5,195.0,0.2,0.85,0.06,260.0,0.95,0.85,0.4,5,5.71,5,7,4,7.17,,skilled,16.73
skilled,rule_based,6,False,60.0,600,15.0,10,0,2,195.0,0.2,0.85,0.06,260.0,0.95,0.85,0.4,5,4.54,2,5,3,27.92,,skilled,46.53
skilled,rule_based,7,False,60.0,600,40.5,7,0,5,195.0,0.2,0.85,0.06,260.0,0.95,0.85,0.4,5,5.0,5,5,0,45.25,,skilled,75.42
skilled,rule_based,8,True,49.25,492,0.0,11,1,5,195.0,0.2,0.85,0.06,260.0,0.95,0.85,0.4,5,5.83,5,7,4,13.0,,skilled,26.4
skilled,rule_based,9,True,57.08,570,0.0,10,1,5,195.0,0.2,0.85,0.06,260.0,0.95,0.85,0.4,5,6.07,5,7,4,17.0,,skilled,29.78
skilled,rule_based,10,True,44.08,440,0.0,10,1,6,195.0,0.2,0.85,0.06,260.0,0.95,0.85,0.4,5,5.88,5,7,3,12.83,,skilled,29.11
skilled,rule_based,11,False,60.0,600,23.5,9,0,2,195.0,0.2,0.85,0.06,260.0,0.95,0.85,0.4,5,4.54,2,5,3,32.5,,skilled,54.17
skilled,rule_based,12,True,45.75,457,0.0,10,1,5,195.0,0.2,0.85,0.06,260.0,0.95,0.85,0.4,5,5.89,5,7,4,14.83,,skilled,32.42
skilled,rule_based,13,False,60.0,600,49.0,6,0,5,195.0,0.2,0.85,0.06,260.0,0.95,0.85,0.4,5,5.0,5,5,0,40.33,,skilled,67.22
skilled,rule_based,14,True,48.42,484,0.0,11,1,4,195.0,0.2,0.85,0.06,260.0,0.95,0.85,0.4,5,5.57,4,7,5,8.58,,skilled,17.73
skilled,rule_based,15,False,60.0,600,23.5,9,0,2,195.0,0.2,0.85,0.06,260.0,0.95,0.85,0.4,5,4.53,2,5,3,37.17,,skilled,61.94
skilled,rule_based,16,False,60.0,600,32.0,8,0,1,195.0,0.2,0.85,0.06,260.0,0.95,0.85,0.4,5,4.22,1,5,4,45.25,,skilled,75.42
skilled,rule_based,17,False,60.0,600,0.6,11,0,3,195.0,0.2,0.85,0.06,260.0,0.95,0.85,0.4,5,5.2,3,6,4,18.0,,skilled,30.0
skilled,rule_based,18,False,60.0,600,1.0,11,0,0,195.0,0.2,0.85,0.06,260.0,0.95,0.85,0.4,5,3.98,0,6,7,7.5,,skilled,12.5
skilled,rule_based,19,True,39.25,392,0.0,10,1,6,195.0,0.2,0.85,0.06,260.0,0.95,0.85,0.4,5,5.74,5,7,3,4.75,,skilled,12.1
skilled,rule_based,20,True,58.25,582,0.0,11,1,4,195.0,0.2,0.85,0.06,260.0,0.95,0.85,0.4,5,5.83,4,7,5,17.67,,skilled,30.33
skilled,rule_based,21,False,60.0,600,32.0,8,0,0,195.0,0.2,0.85,0.06,260.0,0.95,0.85,0.4,5,3.81,0,5,5,42.42,,skilled,70.69
skilled,rule_based,22,True,52.92,529,0.0,9,1,7,195.0,0.2,0.85,0.06,260.0,0.95,0.85,0.4,5,6.71,5,9,6,5.75,,skilled,10.87
skilled,rule_based,23,True,52.58,525,0.0,10,1,6,195.0,0.2,0.85,0.06,260.0,0.95,0.85,0.4,5,6.09,5,7,3,22.05,,skilled,41.94
skilled,rule_based,24,False,60.0,600,32.0,8,0,2,195.0,0.2,0.85,0.06,260.0,0.95,0.85,0.4,5,4.5,2,5,3,52.67,,skilled,87.78
skilled,rule_based,25,False,60.0,600,32.0,8,0,0,195.0,0.2,0.85,0.06,260.0,0.95,0.85,0.4,5,3.75,0,5,5,51.0,,skilled,85.01
skilled,rule_based,26,True,54.58,545,0.0,11,1,5,195.0,0.2,0.85,0.06,260.0,0.95,0.85,0.4,5,5.46,5,6,2,22.83,,skilled,41.83
skilled,rule_based,27,False,60.0,600,23.5,9,0,1,195.0,0.2,0.85,0.06,260.0,0.95,0.85,0.4,5,4.17,1,5,4,31.17,,skilled,51.94
skilled,rule_based,28,False,60.0,600,32.0,8,0,3,195.0,0.2,0.85,0.06,260.0,0.95,0.85,0.4,5,4.76,3,5,2,48.78,,skilled,81.31
skilled,rule_based,29,True,57.33,573,0.0,10,1,6,195.0,0.2,0.85,0.06,260.0,0.95,0.85,0.4,5,6.18,5,7,3,24.58,,skilled,42.88
skilled,rule_based,30,False,60.0,600,32.0,8,0,5,195.0,0.2,0.85,0.06,260.0,0.95,0.85,0.4,5,5.0,5,5,0,49.04,,skilled,81.73
inconsistent,rule_based,1,False,60.0,600,15.7,10,0,3,194.3,0.54,0.5,0.4,179.42,0.89,0.61,0.25,5,4.77,3,5,2,42.01,,inconsistent,70.01
inconsistent,rule_based,2,False,60.0,600,40.5,7,0,5,172.32,0.23,0.58,0.28,255.99,0.7,0.66,0.27,5,5.0,5,5,0,43.17,,inconsistent,71.94
inconsistent,rule_based,3,True,53.33,533,0.0,9,1,7,182.19,0.52,0.69,0.07,184.65,0.8,0.61,0.22,5,6.52,5,8,4,14.67,,inconsistent,27.5
inconsistent,rule_based,4,False,60.0,600,32.0,8,0,5,146.91,0.33,0.56,0.17,202.5,0.67,0.69,0.39,5,5.0,5,5,0,48.2,,inconsistent,80.33
inconsistent,rule_based,5,False,60.0,600,0.6,11,0,2,165.6,0.56,0.4,0.09,246.78,0.78,0.61,0.25,5,4.88,2,6,5,16.83,,inconsistent,28.06
inconsistent,rule_based,6,True,56.08,560,0.0,13,1,1,152.16,0.26,0.79,0.25,162.74,0.85,0.8,0.23,5,4.44,1,5,4,30.42,,inconsistent,54.23
inconsistent,rule_based,7,False,60.0,600,40.5,7,0,5,178.66,0.37,0.63,0.12,164.65,0.86,0.84,0.35,5,5.0,5,5,0,43.83,,inconsistent,73.06
inconsistent,rule_based,8,False,60.0,600,4.3,12,0,1,177.49,0.61,0.6,0.26,205.39,0.82,0.79,0.21,5,4.22,1,5,4,29.0,,inconsistent,48.33
inconsistent,rule_based,9,False,60.0,600,8.0,10,0,2,184.65,0.28,0.74,0.2,247.02,0.71,0.8,0.29,5,4.88,2,6,5,14.08,,inconsistent,23.47
inconsistent,rule_based,10,False,60.0,600,1.3,11,0,3,141.39,0.42,0.8,0.1,217.39,0.7,0.65,0.22,5,5.2,3,6,4,21.67,,inconsistent,36.11
inconsistent,rule_based,11,False,60.0,600,18.0,9,0,4,173.2,0.46,0.77,0.34,245.18,0.68,0.83,0.45,5,5.43,4,6,3,24.05,,inconsistent,40.09
inconsistent,rule_based,12,False,60.0,600,7.9,11,0,1,181.91,0.59,0.84,0.07,214.03,0.94,0.76,0.39,5,4.17,1,5,4,25.92,,inconsistent,43.2
inconsistent,rule_based,13,False,60.0,600,23.5,9,0,4,144.49,0.38,0.66,0.26,187.23,0.75,0.61,0.4,5,4.92,4,5,1,35.92,,inconsistent,59.87
inconsistent,rule_based,14,True,52.42,524,0.0,10,1,6,137.54,0.64,0.47,0.37,205.48,0.86,0.74,0.26,5,6.38,5,8,5,9.51,,inconsistent,18.14
inconsistent,rule_based,15,True,58.5,585,0.0,11,1,3,180.02,0.41,0.55,0.32,208.36,0.63,0.7,0.38,5,5.49,3,7,6,10.08,,inconsistent,17.24
inconsistent,rule_based,16,True,48.67,486,0.0,12,1,3,166.29,0.35,0.69,0.32,212.3,0.83,0.81,0.34,5,4.75,3,5,2,22.57,,inconsistent,46.37
inconsistent,rule_based,17,True,45.58,455,0.0,12,1,2,193.99,0.59,0.44,0.33,221.81,0.63,0.77,0.43,5,4.64,2,5,3,22.08,,inconsistent,48.44
inconsistent,rule_based,18,False,60.0,600,7.9,11,0,3,164.17,0.64,0.84,0.1,219.37,0.86,0.78,0.27,5,4.75,3,5,2,38.43,,inconsistent,64.06
inconsistent,rule_based,19,False,60.0,600,15.7,10,0,1,194.37,0.34,0.73,0.08,245.54,0.75,0.69,0.32,5,4.17,1,5,4,22.74,,inconsistent,37.89
inconsistent,rule_based,20,False,60.0,600,6.5,11,0,2,154.67,0.49,0.45,0.38,249.53,0.69,0.84,0.35,5,4.5,2,5,3,22.49,,inconsistent,37.49
inconsistent,rule_based,21,False,60.0,600,24.9,9,0,2,194.29,0.58,0.45,0.17,243.27,0.6,0.77,0.27,5,4.5,2,5,3,47.09,,inconsistent,78.49
inconsistent,rule_based,22,False,60.0,600,15.7,10,0,0,167.67,0.29,0.73,0.28,219.36,0.63,0.77,0.42,5,2.92,0,5,5,18.08,,inconsistent,30.13
inconsistent,rule_based,23,False,60.0,600,19.9,10,0,0,158.0,0.26,0.68,0.34,241.97,0.91,0.69,0.36,5,3.75,0,5,5,33.26,,inconsistent,55.43
inconsistent,rule_based,24,False,60.0,600,3.6,12,0,1,158.96,0.63,0.77,0.24,242.42,0.72,0.69,0.31,5,4.17,1,5,4,25.6,,inconsistent,42.66
inconsistent,rule_based,25,False,60.0,600,7.2,11,0,3,155.01,0.35,0.45,0.08,217.47,0.84,0.77,0.43,5,4.75,3,5,2,38.02,,inconsistent,63.36
inconsistent,rule_based,26,True,58.67,586,0.0,12,1,4,145.57,0.46,0.43,0.12,147.76,0.82,0.75,0.32,5,4.94,4,5,1,40.64,,inconsistent,69.27
inconsistent,rule_based,27,False,60.0,600,1.5,12,0,2,171.65,0.49,0.56,0.3,207.97,0.68,0.83,0.29,5,4.5,2,5,3,32.15,,inconsistent,53.59
inconsistent,rule_based,28,False,60.0,600,8.6,11,0,0,140.3,0.36,0.61,0.09,152.54,0.79,0.7,0.25,5,2.92,0,5,5,17.08,,inconsistent,28.46
inconsistent,rule_based,29,False,60.0,600,40.5,7,0,5,157.85,0.27,0.56,0.39,251.02,0.61,0.7,0.33,5,5.0,5,5,0,46.09,,inconsistent,76.82
inconsistent,rule_based,30,False,60.0,600,49.0,6,0,5,187.62,0.3,0.65,0.22,199.18,0.79,0.75,0.42,5,5.0,5,5,0,46.68,,inconsistent,77.8
improving,rule_based,1,True,36.33,363,0.0,13,1,2,130.0,0.7,0.28,0.45,120.0,0.55,0.6,0.2,5,4.48,2,5,3,14.98,,improving,41.22
improving,rule_based,2,True,45.0,450,0.0,12,1,4,132.24,0.68,0.3,0.44,124.83,0.56,0.61,0.21,5,4.89,4,5,1,20.74,,improving,46.09
improving,rule_based,3,True,43.75,437,0.0,13,1,1,134.48,0.67,0.32,0.42,129.66,0.58,0.62,0.21,5,3.97,1,5,4,24.16,,improving,55.23
improving,rule_based,4,False,60.0,600,1.5,12,0,1,136.72,0.65,0.34,0.41,134.48,0.59,0.63,0.22,5,4.17,1,5,4,32.16,,improving,53.6
improving,rule_based,5,True,58.33,583,0.0,12,1,3,138.97,0.63,0.36,0.4,139.31,0.61,0.63,0.23,5,4.81,3,5,2,33.92,,improving,58.14
improving,rule_based,6,True,34.17,341,0.0,13,1,2,141.21,0.61,0.38,0.38,144.14,0.62,0.64,0.23,5,4.21,2,5,3,14.62,,improving,42.78
improving,rule_based,7,True,57.42,574,0.0,13,1,1,143.45,0.6,0.4,0.37,148.97,0.63,0.65,0.24,5,4.31,1,5,4,31.43,,improving,54.74
improving,rule_based,8,True,57.08,570,0.0,14,1,0,145.69,0.58,0.42,0.36,153.79,0.65,0.66,0.25,5,3.06,0,5,5,19.97,,improving,34.99
improving,rule_based,9,True,52.0,520,0.0,13,1,0,147.93,0.56,0.44,0.34,158.62,0.66,0.67,0.26,5,2.88,0,5,5,9.0,,improving,17.31
improving,rule_based,10,True,44.33,443,0.0,12,1,3,150.17,0.54,0.46,0.33,163.45,0.67,0.68,0.26,5,4.69,3,5,2,20.6,,improving,46.46
improving,rule_based,11,True,50.08,500,0.0,13,1,0,152.41,0.53,0.48,0.32,168.28,0.69,0.69,0.27,5,3.99,0,5,5,13.91,,improving,27.76
improving,rule_based,12,False,60.0,600,15.0,10,0,4,154.66,0.51,0.5,0.3,173.1,0.7,0.69,0.28,5,4.92,4,5,1,43.51,,improving,72.51
improving,rule_based,13,True,38.58,385,0.0,11,1,5,156.9,0.49,0.52,0.29,177.93,0.72,0.7,0.28,5,5.39,5,6,2,8.07,,improving,20.92
improving,rule_based,14,False,60.0,600,0.8,12,0,2,159.14,0.48,0.54,0.28,182.76,0.73,0.71,0.29,5,4.5,2,5,3,32.09,,improving,53.48
improving,rule_based,15,False,60.0,600,16.4,10,0,2,161.38,0.46,0.56,0.26,187.59,0.74,0.72,0.3,5,4.5,2,5,3,32.57,,improving,54.28
improving,rule_based,16,False,60.0,600,23.5,9,0,2,163.62,0.44,0.57,0.25,192.41,0.76,0.73,0.3,5,4.5,2,5,3,25.25,,improving,42.09
improving,rule_based,17,True,51.75,517,0.0,10,1,6,165.86,0.42,0.59,0.23,197.24,0.77,0.74,0.31,5,6.1,5,8,5,7.83,,improving,15.13
improving,rule_based,18,False,60.0,600,23.5,9,0,1,168.1,0.41,0.61,0.22,202.07,0.78,0.75,0.32,5,4.17,1,5,4,21.42,,improving,35.71
improving,rule_based,19,False,60.0,600,15.0,10,0,0,170.34,0.39,0.63,0.21,206.9,0.8,0.76,0.32,5,3.33,0,5,5,19.77,,improving,32.95
improving,rule_based,20,False,60.0,600,15.0,10,0,3,172.59,0.37,0.65,0.19,211.72,0.81,0.76,0.33,5,4.75,3,5,2,29.98,,improving,49.97
improving,rule_based,21,False,60.0,600,57.5,5,0,5,174.83,0.36,0.67,0.18,216.55,0.83,0.77,0.34,5,5.0,5,5,0,35.23,,improving,58.71
improving,rule_based,22,False,60.0,600,40.5,7,0,5,177.07,0.34,0.69,0.17,221.38,0.84,0.78,0.34,5,5.0,5,5,0,41.47,,improving,69.11
improving,rule_based,23,False,60.0,600,23.5,9,0,1,179.31,0.32,0.71,0.15,226.21,0.85,0.79,0.35,5,4.17,1,5,4,33.98,,improving,56.63
improving,rule_based,24,False,60.0,600,10.7,11,0,1,181.55,0.3,0.73,0.14,231.03,0.87,0.8,0.36,5,4.17,1,5,4,40.57,,improving,67.62
improving,rule_based,25,True,58.83,588,0.0,11,1,5,183.79,0.29,0.75,0.13,235.86,0.88,0.81,0.37,5,5.51,5,6,2,24.56,,improving,41.75
improving,rule_based,26,True,56.83,568,0.0,10,1,7,186.03,0.27,0.77,0.11,240.69,0.89,0.82,0.37,5,6.38,5,8,4,14.56,,improving,25.62
improving,rule_based,27,False,60.0,600,15.0,10,0,4,188.28,0.25,0.79,0.1,245.52,0.91,0.82,0.38,5,4.92,4,5,1,39.16,,improving,65.26
improving,rule_based,28,False,60.0,600,40.5,7,0,5,190.52,0.23,0.81,0.09,250.34,0.92,0.83,0.39,5,5.0,5,5,0,38.98,,improving,64.97
improving,rule_based,29,False,60.0,600,23.5,9,0,1,192.76,0.22,0.83,0.07,255.17,0.94,0.84,0.39,5,4.17,1,5,4,27.5,,improving,45.83
improving,rule_based,30,False,60.0,600,23.5,9,0,0,195.0,0.2,0.85,0.06,260.0,0.95,0.85,0.4,5,3.75,0,5,5,24.77,,improving,41.28
beginner,rl_based,1,False,60.0,600,73.4,3,0,2,130.0,0.7,0.28,0.45,120.0,0.55,0.6,0.2,5,1.9,0,6,13,47.06,,beginner,78.44
beginner,rl_based,2,True,32.45,324,0.0,11,1,5,130.0,0.7,0.28,0.45,120.0,0.55,0.6,0.2,5,5.86,4,8,12,21.34,,beginner,65.76
beginner,rl_based,3,False,60.0,601,11.2,13,0,0,130.0,0.7,0.28,0.45,120.0,0.55,0.6,0.2,5,2.46,0,5,15,28.0,,beginner,46.66
beginner,rl_based,4,False,60.0,601,29.6,10,0,0,130.0,0.7,0.28,0.45,120.0,0.55,0.6,0.2,5,2.3,0,6,15,44.26,,beginner,73.77
beginner,rl_based,5,True,57.5,574,0.0,12,1,2,130.0,0.7,0.28,0.45,120.0,0.55,0.6,0.2,5,2.75,0,7,17,10.53,,beginner,18.32
beginner,rl_based,6,True,35.4,353,0.0,13,1,6,130.0,0.7,0.28,0.45,120.0,0.55,0.6,0.2,5,5.31,4,7,11,8.53,,beginner,24.1
beginner,rl_based,7,False,60.0,600,21.2,9,0,0,130.0,0.7,0.28,0.45,120.0,0.55,0.6,0.2,5,2.65,0,6,13,14.01,,beginner,23.35
beginner,rl_based,8,False,60.0,600,24.1,10,0,1,130.0,0.7,0.28,0.45,120.0,0.55,0.6,0.2,5,3.52,1,5,14,24.36,,beginner,40.61
beginner,rl_based,9,True,28.0,279,0.0,13,1,1,130.0,0.7,0.28,0.45,120.0,0.55,0.6,0.2,5,4.13,1,5,10,13.87,,beginner,49.52
beginner,rl_based,10,True,38.35,383,0.0,16,1,4,130.0,0.7,0.28,0.45,120.0,0.55,0.6,0.2,5,2.1,0,5,9,17.6,,beginner,45.89
beginner,rl_based,11,False,60.0,601,31.7,11,0,1,130.0,0.7,0.28,0.45,120.0,0.55,0.6,0.2,5,1.77,0,5,14,32.27,,beginner,53.78
beginner,rl_based,12,False,60.0,601,24.8,10,0,3,130.0,0.7,0.28,0.45,120.0,0.55,0.6,0.2,5,3.49,2,5,14,34.13,,beginner,56.89
beginner,rl_based,13,True,48.93,489,0.0,16,1,1,130.0,0.7,0.28,0.45,120.0,0.55,0.6,0.2,5,2.17,0,5,12,24.93,,beginner,50.95
beginner,rl_based,14,True,21.15,211,0.0,11,1,3,130.0,0.7,0.28,0.45,120.0,0.55,0.6,0.2,5,5.25,3,7,10,9.2,,beginner,43.5
beginner,rl_based,15,False,60.0,601,25.5,10,0,1,130.0,0.7,0.28,0.45,120.0,0.55,0.6,0.2,5,2.15,0,5,14,30.4,,beginner,50.66
beginner,rl_based,16,True,42.37,423,0.0,13,1,4,130.0,0.7,0.28,0.45,120.0,0.55,0.6,0.2,5,3.77,1,6,13,25.33,,beginner,59.79
beginner,rl_based,17,True,19.22,192,0.0,11,1,3,130.0,0.7,0.28,0.45,120.0,0.55,0.6,0.2,5,5.76,3,7,8,5.73,,beginner,29.83
beginner,rl_based,18,False,60.0,599,39.0,8,0,2,130.0,0.7,0.28,0.45,120.0,0.55,0.6,0.2,5,3.44,2,5,13,41.2,,beginner,68.66
beginner,rl_based,19,False,60.0,601,45.7,7,0,2,130.0,0.7,0.28,0.45,120.0,0.55,0.6,0.2,5,2.76,1,6,13,42.53,,beginner,70.89
beginner,rl_based,20,False,60.0,601,10.8,12,0,1,130.0,0.7,0.28,0.45,120.0,0.55,0.6,0.2,5,2.43,0,6,14,31.6,,beginner,52.66
beginner,rl_based,21,True,25.05,250,0.0,12,1,7,130.0,0.7,0.28,0.45,120.0,0.55,0.6,0.2,5,5.09,4,7,8,14.27,,beginner,56.95
beginner,rl_based,22,False,60.0,601,3.4,14,0,1,130.0,0.7,0.28,0.45,120.0,0.55,0.6,0.2,5,2.52,0,6,16,34.53,,beginner,57.55
beginner,rl_based,23,True,41.98,419,0.0,15,1,0,130.0,0.7,0.28,0.45,120.0,0.55,0.6,0.2,5,2.72,0,7,11,22.0,,beginner,52.4
beginner,rl_based,24,True,26.95,269,0.0,10,1,7,130.0,0.7,0.28,0.45,120.0,0.55,0.6,0.2,5,7.02,5,8,8,7.87,,beginner,29.19
beginner,rl_based,25,True,28.87,288,0.0,11,1,6,130.0,0.7,0.28,0.45,120.0,0.55,0.6,0.2,5,5.5,4,7,9,8.8,,beginner,30.48
beginner,rl_based,26,True,36.83,368,0.0,12,1,1,130.0,0.7,0.28,0.45,120.0,0.55,0.6,0.2,5,4.81,1,7,12,18.4,,beginner,49.95
beginner,rl_based,27,False,60.0,601,39.4,11,0,1,130.0,0.7,0.28,0.45,120.0,0.55,0.6,0.2,5,1.33,0,5,12,36.66,,beginner,61.11
beginner,rl_based,28,True,20.88,208,0.0,10,1,7,130.0,0.7,0.28,0.45,120.0,0.55,0.6,0.2,5,6.87,5,9,8,6.27,,beginner,30.01
beginner,rl_based,29,False,60.0,601,24.3,11,0,1,130.0,0.7,0.28,0.45,120.0,0.55,0.6,0.2,5,2.33,0,6,14,41.6,,beginner,69.33
beginner,rl_based,30,False,60.0,601,30.6,11,0,2,130.0,0.7,0.28,0.45,120.0,0.55,0.6,0.2,5,2.48,0,6,13,32.93,,beginner,54.89
intermediate,rl_based,1,False,60.0,599,5.1,9,0,2,170.0,0.3,0.65,0.15,220.0,0.85,0.75,0.35,5,5.19,2,8,15,11.21,,intermediate,18.68
intermediate,rl_based,2,False,60.0,601,78.0,3,0,2,170.0,0.3,0.65,0.15,220.0,0.85,0.75,0.35,5,2.47,0,5,13,24.53,,intermediate,40.89
intermediate,rl_based,3,False,60.0,601,37.9,8,0,2,170.0,0.3,0.65,0.15,220.0,0.85,0.75,0.35,5,2.88,0,6,15,52.27,,intermediate,87.11
intermediate,rl_based,4,False,60.0,601,65.2,5,0,0,170.0,0.3,0.65,0.15,220.0,0.85,0.75,0.35,5,2.14,0,5,13,44.4,,intermediate,74.0
intermediate,rl_based,5,False,60.0,601,51.8,6,0,1,170.0,0.3,0.65,0.15,220.0,0.85,0.75,0.35,5,3.46,1,6,14,48.93,,intermediate,81.55
intermediate,rl_based,6,False,60.0,601,32.1,8,0,1,170.0,0.3,0.65,0.15,220.0,0.85,0.75,0.35,5,2.37,0,6,14,50.26,,intermediate,83.77
intermediate,rl_based,7,False,60.0,599,84.4,2,0,0,170.0,0.3,0.65,0.15,220.0,0.85,0.75,0.35,5,2.42,0,5,13,0.0,,intermediate,0.0
intermediate,rl_based,8,False,60.0,601,92.2,1,0,0,170.0,0.3,0.65,0.15,220.0,0.85,0.75,0.35,5,1.87,0,5,13,0.0,,intermediate,0.0
intermediate,rl_based,9,False,60.0,599,68.4,4,0,4,170.0,0.3,0.65,0.15,220.0,0.85,0.75,0.35,5,2.8,0,6,13,36.54,,intermediate,60.9
intermediate,rl_based,10,False,60.0,599,91.5,1,0,1,170.0,0.3,0.65,0.15,220.0,0.85,0.75,0.35,5,3.36,0,6,12,0.0,,intermediate,0.0
intermediate,rl_based,11,False,60.0,601,64.9,4,0,0,170.0,0.3,0.65,0.15,220.0,0.85,0.75,0.35,5,2.69,0,6,13,43.46,,intermediate,72.44
intermediate,rl_based,12,False,60.0,601,70.2,4,0,3,170.0,0.3,0.65,0.15,220.0,0.85,0.75,0.35,5,3.64,2,6,12,37.2,,intermediate,62.0
intermediate,rl_based,13,False,60.0,601,68.8,4,0,1,170.0,0.3,0.65,0.15,220.0,0.85,0.75,0.35,5,1.62,0,5,12,52.4,,intermediate,87.33
intermediate,rl_based,14,False,60.0,599,5.4,10,0,1,170.0,0.3,0.65,0.15,220.0,0.85,0.75,0.35,5,3.62,0,8,14,17.2,,intermediate,28.67
intermediate,rl_based,15,False,60.0,601,15.5,8,0,5,170.0,0.3,0.65,0.15,220.0,0.85,0.75,0.35,5,4.84,3,8,14,4.27,,intermediate,7.11
intermediate,rl_based,16,False,60.0,599,52.7,5,0,0,170.0,0.3,0.65,0.15,220.0,0.85,0.75,0.35,5,3.56,0,7,13,37.21,,intermediate,62.01
intermediate,rl_based,17,False,60.0,601,24.4,9,0,0,170.0,0.3,0.65,0.15,220.0,0.85,0.75,0.35,5,3.35,0,6,15,32.67,,intermediate,54.44
intermediate,rl_based,18,False,60.0,601,70.9,4,0,0,170.0,0.3,0.65,0.15,220.0,0.85,0.75,0.35,5,1.08,0,5,13,51.06,,intermediate,85.11
intermediate,rl_based,19,False,60.0,601,46.0,6,0,3,170.0,0.3,0.65,0.15,220.0,0.85,0.75,0.35,5,4.4,2,7,14,16.8,,intermediate,28.0
intermediate,rl_based,20,True,37.28,372,0.0,10,1,3,170.0,0.3,0.65,0.15,220.0,0.85,0.75,0.35,5,6.01,3,8,12,14.0,,intermediate,37.55
intermediate,rl_based,21,False,60.0,601,51.0,7,0,1,170.0,0.3,0.65,0.15,220.0,0.85,0.75,0.35,5,1.04,0,5,16,50.13,,intermediate,83.55
intermediate,rl_based,22,False,60.0,599,47.1,6,0,0,170.0,0.3,0.65,0.15,220.0,0.85,0.75,0.35,5,3.17,0,6,13,44.27,,intermediate,73.79
intermediate,rl_based,23,False,60.0,601,47.1,6,0,3,170.0,0.3,0.65,0.15,220.0,0.85,0.75,0.35,5,4.29,3,7,14,12.27,,intermediate,20.44
intermediate,rl_based,24,False,60.0,601,42.9,7,0,1,170.0,0.3,0.65,0.15,220.0,0.85,0.75,0.35,5,3.54,1,6,14,50.53,,intermediate,84.22
intermediate,rl_based,25,True,52.37,523,0.0,10,1,5,170.0,0.3,0.65,0.15,220.0,0.85,0.75,0.35,5,5.95,4,8,12,17.07,,intermediate,32.59
intermediate,rl_based,26,False,60.0,599,85.1,2,0,1,170.0,0.3,0.65,0.15,220.0,0.85,0.75,0.35,5,2.38,1,5,12,0.0,,intermediate,0.0
intermediate,rl_based,27,False,60.0,599,17.7,8,0,1,170.0,0.3,0.65,0.15,220.0,0.85,0.75,0.35,5,5.25,1,8,14,21.73,,intermediate,36.22
intermediate,rl_based,28,True,31.25,312,0.0,10,1,6,170.0,0.3,0.65,0.15,220.0,0.85,0.75,0.35,5,6.43,5,8,11,10.0,,intermediate,32.0
intermediate,rl_based,29,False,60.0,601,50.5,5,0,3,170.0,0.3,0.65,0.15,220.0,0.85,0.75,0.35,5,3.72,2,7,14,48.0,,intermediate,80.0
intermediate,rl_based,30,True,39.93,399,0.0,10,1,3,170.0,0.3,0.65,0.15,220.0,0.85,0.75,0.35,5,5.95,3,8,12,14.0,,intermediate,35.06
skilled,rl_based,1,False,60.0,600,25.0,8,0,1,195.0,0.2,0.85,0.06,260.0,0.95,0.85,0.4,5,4.72,1,7,14,16.0,,skilled,26.67
skilled,rl_based,2,False,60.0,601,72.3,3,0,1,195.0,0.2,0.85,0.06,260.0,0.95,0.85,0.4,5,3.04,1,6,12,35.46,,skilled,59.11
skilled,rl_based,3,False,60.0,601,84.4,2,0,1,195.0,0.2,0.85,0.06,260.0,0.95,0.85,0.4,5,1.01,0,5,12,0.0,,skilled,0.0
skilled,rl_based,4,False,60.0,601,37.2,7,0,1,195.0,0.2,0.85,0.06,260.0,0.95,0.85,0.4,5,3.0,0,6,14,50.0,,skilled,83.33
skilled,rl_based,5,False,60.0,599,46.8,6,0,1,195.0,0.2,0.85,0.06,260.0,0.95,0.85,0.4,5,3.78,1,6,14,50.41,,skilled,84.02
skilled,rl_based,6,True,29.07,290,0.0,9,1,6,195.0,0.2,0.85,0.06,260.0,0.95,0.85,0.4,5,7.5,5,9,7,10.13,,skilled,34.86
skilled,rl_based,7,False,60.0,601,13.5,10,0,0,195.0,0.2,0.85,0.06,260.0,0.95,0.85,0.4,5,3.22,0,6,13,15.87,,skilled,26.44
skilled,rl_based,8,False,60.0,599,28.3,8,0,2,195.0,0.2,0.85,0.06,260.0,0.95,0.85,0.4,5,5.03,2,7,13,24.4,,skilled,40.66
skilled,rl_based,9,False,60.0,601,84.4,2,0,4,195.0,0.2,0.85,0.06,260.0,0.95,0.85,0.4,5,3.67,2,6,13,0.0,,skilled,0.0
skilled,rl_based,10,True,31.35,313,0.0,10,1,8,195.0,0.2,0.85,0.06,260.0,0.95,0.85,0.4,5,6.26,4,9,9,6.13,,skilled,19.56
skilled,rl_based,11,True,35.97,359,0.0,11,1,4,195.0,0.2,0.85,0.06,260.0,0.95,0.85,0.4,5,5.83,4,7,11,20.93,,skilled,58.2
skilled,rl_based,12,False,60.0,599,92.2,1,0,0,195.0,0.2,0.85,0.06,260.0,0.95,0.85,0.4,5,1.52,0,5,13,0.0,,skilled,0.0
skilled,rl_based,13,False,60.0,601,55.3,5,0,4,195.0,0.2,0.85,0.06,260.0,0.95,0.85,0.4,5,3.89,2,6,13,8.13,,skilled,13.55
skilled,rl_based,14,False,60.0,601,0.5,11,0,1,195.0,0.2,0.85,0.06,260.0,0.95,0.85,0.4,5,4.04,1,7,14,11.6,,skilled,19.33
skilled,rl_based,15,False,60.0,599,58.9,5,0,1,195.0,0.2,0.85,0.06,260.0,0.95,0.85,0.4,5,2.19,0,5,12,50.27,,skilled,83.79
skilled,rl_based,16,False,60.0,601,68.8,4,0,1,195.0,0.2,0.85,0.06,260.0,0.95,0.85,0.4,5,2.83,1,5,12,38.53,,skilled,64.22
skilled,rl_based,17,False,60.0,601,7.3,10,0,0,195.0,0.2,0.85,0.06,260.0,0.95,0.85,0.4,5,3.79,0,6,15,23.6,,skilled,39.33
skilled,rl_based,18,True,29.03,290,0.0,10,1,7,195.0,0.2,0.85,0.06,260.0,0.95,0.85,0.4,5,6.11,4,8,8,8.13,,skilled,28.01
skilled,rl_based,19,False,60.0,601,92.9,1,0,1,195.0,0.2,0.85,0.06,260.0,0.95,0.85,0.4,5,2.01,0,5,12,0.0,,skilled,0.0
skilled,rl_based,20,False,60.0,601,92.2,1,0,0,195.0,0.2,0.85,0.06,260.0,0.95,0.85,0.4,5,2.08,0,5,13,0.0,,skilled,0.0
skilled,rl_based,21,False,60.0,599,69.5,4,0,1,195.0,0.2,0.85,0.06,260.0,0.95,0.85,0.4,5,1.8,0,5,12,44.0,,skilled,73.33
skilled,rl_based,22,True,26.52,265,0.0,10,1,6,195.0,0.2,0.85,0.06,260.0,0.95,0.85,0.4,5,6.88,5,9,9,9.47,,skilled,35.7
skilled,rl_based,23,False,60.0,601,42.4,6,0,2,195.0,0.2,0.85,0.06,260.0,0.95,0.85,0.4,5,4.02,1,7,15,40.26,,skilled,67.11
skilled,rl_based,24,True,27.53,275,0.0,11,1,3,195.0,0.2,0.85,0.06,260.0,0.95,0.85,0.4,5,5.93,3,8,10,9.73,,skilled,35.35
skilled,rl_based,25,True,47.83,478,0.0,11,1,4,195.0,0.2,0.85,0.06,260.0,0.95,0.85,0.4,5,5.54,4,7,15,21.6,,skilled,45.15
skilled,rl_based,26,False,60.0,601,57.8,5,0,0,195.0,0.2,0.85,0.06,260.0,0.95,0.85,0.4,5,3.16,0,6,13,42.4,,skilled,70.66
skilled,rl_based,27,False,60.0,601,49.8,5,0,4,195.0,0.2,0.85,0.06,260.0,0.95,0.85,0.4,5,4.71,2,8,13,44.95,,skilled,74.91
skilled,rl_based,28,True,29.17,291,0.0,9,1,7,195.0,0.2,0.85,0.06,260.0,0.95,0.85,0.4,5,7.36,5,9,10,11.33,,skilled,38.86
skilled,rl_based,29,False,60.0,601,92.2,1,0,3,195.0,0.2,0.85,0.06,260.0,0.95,0.85,0.4,5,2.12,0,5,12,0.0,,skilled,0.0
skilled,rl_based,30,False,60.0,601,72.3,3,0,0,195.0,0.2,0.85,0.06,260.0,0.95,0.85,0.4,5,3.13,0,6,13,44.66,,skilled,74.44
inconsistent,rl_based,1,False,60.0,600,33.2,10,0,0,171.68,0.6,0.68,0.19,150.16,0.87,0.82,0.27,5,1.65,0,6,15,46.94,,inconsistent,78.23
inconsistent,rl_based,2,True,17.75,177,0.0,9,1,7,161.27,0.51,0.48,0.11,145.34,0.76,0.65,0.21,5,7.01,5,9,8,5.07,,inconsistent,28.54
inconsistent,rl_based,3,True,15.23,152,0.0,10,1,5,140.59,0.65,0.77,0.08,214.22,0.79,0.63,0.35,5,6.92,5,9,8,5.2,,inconsistent,34.14
inconsistent,rl_based,4,True,51.48,514,0.0,14,1,1,162.39,0.63,0.7,0.25,209.87,0.76,0.65,0.43,5,2.91,0,7,12,23.73,,inconsistent,46.1
inconsistent,rl_based,5,True,46.95,469,0.0,11,1,4,174.69,0.53,0.82,0.14,167.8,0.64,0.77,0.26,5,5.64,4,7,11,23.47,,inconsistent,49.98
inconsistent,rl_based,6,False,60.0,599,70.2,4,0,2,161.8,0.57,0.82,0.08,204.95,0.81,0.78,0.31,5,2.57,1,5,13,34.14,,inconsistent,56.9
inconsistent,rl_based,7,True,23.68,236,0.0,9,1,6,135.16,0.47,0.66,0.31,206.83,0.67,0.73,0.35,5,7.09,5,8,7,8.53,,inconsistent,36.03
inconsistent,rl_based,8,False,60.0,601,41.3,6,0,0,141.48,0.54,0.43,0.29,176.94,0.76,0.79,0.21,5,3.87,0,7,13,46.53,,inconsistent,77.55
inconsistent,rl_based,9,False,60.0,601,40.3,9,0,0,171.79,0.54,0.56,0.27,207.61,0.89,0.68,0.35,5,2.52,0,6,13,38.8,,inconsistent,64.66
inconsistent,rl_based,10,False,60.0,599,65.2,4,0,0,188.57,0.23,0.79,0.31,225.72,0.76,0.63,0.24,5,2.32,0,6,13,47.74,,inconsistent,79.57
inconsistent,rl_based,11,True,48.15,481,0.0,13,1,4,141.8,0.41,0.72,0.33,190.29,0.73,0.73,0.35,5,4.45,3,6,15,19.47,,inconsistent,40.43
inconsistent,rl_based,12,False,60.0,601,8.1,9,0,1,153.07,0.61,0.7,0.2,234.95,0.7,0.66,0.44,5,4.16,0,8,16,23.2,,inconsistent,38.66
inconsistent,rl_based,13,False,60.0,599,60.5,4,0,2,185.38,0.53,0.49,0.35,220.13,0.93,0.7,0.38,5,3.71,1,7,13,54.95,,inconsistent,91.58
inconsistent,rl_based,14,False,60.0,601,40.4,8,0,3,151.25,0.35,0.66,0.18,188.71,0.9,0.65,0.22,5,3.13,2,5,14,45.46,,inconsistent,75.77
inconsistent,rl_based,15,False,60.0,601,26.2,10,0,1,190.72,0.61,0.84,0.33,155.13,0.85,0.67,0.29,5,3.01,0,5,14,34.13,,inconsistent,56.89
inconsistent,rl_based,16,False,60.0,599,20.8,9,0,1,194.05,0.31,0.46,0.21,255.91,0.77,0.68,0.33,5,3.38,0,7,14,16.14,,inconsistent,26.9
inconsistent,rl_based,17,True,41.6,415,0.0,11,1,4,170.73,0.51,0.68,0.22,175.5,0.81,0.65,0.39,5,5.2,3,8,11,13.33,,inconsistent,32.05
inconsistent,rl_based,18,True,34.85,348,0.0,10,1,4,153.76,0.34,0.47,0.36,243.56,0.87,0.68,0.35,5,6.31,4,8,11,12.4,,inconsistent,35.58
inconsistent,rl_based,19,True,30.93,309,0.0,11,1,7,163.0,0.58,0.58,0.15,193.68,0.8,0.69,0.45,5,6.19,4,8,8,13.2,,inconsistent,42.67
inconsistent,rl_based,20,True,30.88,308,0.0,10,1,3,192.42,0.39,0.49,0.2,230.18,0.73,0.72,0.42,5,6.51,3,9,10,6.13,,inconsistent,19.86
inconsistent,rl_based,21,False,60.0,601,30.0,8,0,1,160.27,0.47,0.55,0.18,199.53,0.71,0.82,0.38,5,3.72,0,7,16,50.4,,inconsistent,84.0
inconsistent,rl_based,22,True,27.57,275,0.0,12,1,3,180.13,0.58,0.37,0.16,241.18,0.67,0.66,0.31,5,5.25,3,7,10,6.4,,inconsistent,23.22
inconsistent,rl_based,23,False,60.0,599,31.4,8,0,0,187.61,0.33,0.36,0.36,162.83,0.89,0.71,0.33,5,2.42,0,7,15,55.07,,inconsistent,91.79
inconsistent,rl_based,24,False,60.0,601,16.3,11,0,5,160.13,0.55,0.37,0.37,257.05,0.77,0.77,0.25,5,3.53,2,5,16,43.2,,inconsistent,72.0
inconsistent,rl_based,25,False,60.0,599,73.7,4,0,0,177.36,0.32,0.78,0.29,183.07,0.86,0.75,0.22,5,1.92,0,5,13,38.66,,inconsistent,64.44
inconsistent,rl_based,26,False,60.0,601,84.4,2,0,2,163.69,0.24,0.62,0.1,225.76,0.71,0.7,0.4,5,3.33,2,5,13,0.0,,inconsistent,0.0
inconsistent,rl_based,27,False,60.0,601,11.3,11,0,0,141.53,0.37,0.52,0.36,173.32,0.65,0.82,0.32,5,3.57,0,6,15,19.47,,inconsistent,32.44
inconsistent,rl_based,28,True,37.13,371,0.0,17,1,2,147.59,0.58,0.41,0.16,160.87,0.71,0.79,0.34,5,1.71,1,5,11,21.47,,inconsistent,57.81
inconsistent,rl_based,29,True,42.23,422,0.0,11,1,5,137.26,0.37,0.66,0.17,153.55,0.82,0.79,0.28,5,5.78,4,8,12,8.8,,inconsistent,20.84
inconsistent,rl_based,30,False,60.0,599,7.3,9,0,0,181.95,0.33,0.58,0.19,212.91,0.84,0.64,0.39,5,3.19,0,8,15,16.13,,inconsistent,26.89
improving,rl_based,1,False,60.0,601,44.9,7,0,1,130.0,0.7,0.28,0.45,120.0,0.55,0.6,0.2,5,2.24,0,6,16,45.48,,improving,75.8
improving,rl_based,2,False,60.0,601,36.8,9,0,0,132.24,0.68,0.3,0.44,124.83,0.56,0.61,0.21,5,2.68,0,5,13,50.53,,improving,84.22
improving,rl_based,3,True,53.25,532,0.0,13,1,0,134.48,0.67,0.32,0.42,129.66,0.58,0.62,0.21,5,3.73,0,6,15,18.93,,improving,35.56
improving,rl_based,4,True,25.6,255,0.0,10,1,4,136.72,0.65,0.34,0.41,134.48,0.59,0.63,0.22,5,6.07,4,8,9,11.07,,improving,43.23
improving,rl_based,5,True,53.6,535,0.0,13,1,2,138.97,0.63,0.36,0.4,139.31,0.61,0.63,0.23,5,3.73,2,5,13,25.2,,improving,47.01
improving,rl_based,6,False,60.0,601,30.4,8,0,0,141.21,0.61,0.38,0.38,144.14,0.62,0.64,0.23,5,3.68,0,6,15,49.2,,improving,82.0
improving,rl_based,7,True,48.78,487,0.0,11,1,9,143.45,0.6,0.4,0.37,148.97,0.63,0.65,0.24,5,5.93,4,9,14,22.27,,improving,45.64
improving,rl_based,8,True,48.43,484,0.0,13,1,3,145.69,0.58,0.42,0.36,153.79,0.65,0.66,0.25,5,4.09,3,6,14,24.17,,improving,49.9
improving,rl_based,9,False,60.0,599,19.9,8,0,3,147.93,0.56,0.44,0.34,158.62,0.66,0.67,0.26,5,5.94,3,8,16,34.95,,improving,58.24
improving,rl_based,10,True,50.75,507,0.0,16,1,0,150.17,0.54,0.46,0.33,163.45,0.67,0.68,0.26,5,2.12,0,5,13,19.33,,improving,38.09
improving,rl_based,11,True,52.47,524,0.0,15,1,0,152.41,0.53,0.48,0.32,168.28,0.69,0.69,0.27,5,2.73,0,6,13,19.2,,improving,36.59
improving,rl_based,12,False,60.0,601,0.1,12,0,0,154.66,0.51,0.5,0.3,173.1,0.7,0.69,0.28,5,3.69,0,6,15,13.87,,improving,23.11
improving,rl_based,13,False,60.0,601,24.2,8,0,2,156.9,0.49,0.52,0.29,177.93,0.72,0.7,0.28,5,3.62,0,7,13,36.26,,improving,60.44
improving,rl_based,14,False,60.0,599,62.3,5,0,1,159.14,0.48,0.54,0.28,182.76,0.73,0.71,0.29,5,1.54,0,6,14,46.01,,improving,76.68
improving,rl_based,15,False,60.0,599,17.5,9,0,4,161.38,0.46,0.56,0.26,187.59,0.74,0.72,0.3,5,5.1,3,7,15,20.4,,improving,34.0
improving,rl_based,16,False,60.0,601,14.5,10,0,3,163.62,0.44,0.57,0.25,192.41,0.76,0.73,0.3,5,4.35,3,6,16,40.93,,improving,68.22
improving,rl_based,17,False,60.0,601,3.4,11,0,4,165.86,0.42,0.59,0.23,197.24,0.77,0.74,0.31,5,4.92,3,7,15,25.33,,improving,42.22
improving,rl_based,18,False,60.0,601,56.4,5,0,1,168.1,0.41,0.61,0.22,202.07,0.78,0.75,0.32,5,2.56,0,6,14,52.66,,improving,87.77
improving,rl_based,19,False,60.0,601,8.1,12,0,0,170.34,0.39,0.63,0.21,206.9,0.8,0.76,0.32,5,2.43,0,6,15,19.33,,improving,32.22
improving,rl_based,20,False,60.0,599,57.1,5,0,0,172.59,0.37,0.65,0.19,211.72,0.81,0.76,0.33,5,2.93,0,6,13,47.73,,improving,79.55
improving,rl_based,21,False,60.0,601,18.0,9,0,0,174.83,0.36,0.67,0.18,216.55,0.83,0.77,0.34,5,4.49,0,7,15,19.73,,improving,32.89
improving,rl_based,22,False,60.0,599,17.6,9,0,5,177.07,0.34,0.69,0.17,221.38,0.84,0.78,0.34,5,5.12,3,7,14,26.13,,improving,43.55
improving,rl_based,23,False,60.0,601,52.7,5,0,1,179.31,0.32,0.71,0.15,226.21,0.85,0.79,0.35,5,2.33,0,7,14,54.53,,improving,90.88
improving,rl_based,24,False,60.0,601,44.6,6,0,1,181.55,0.3,0.73,0.14,231.03,0.87,0.8,0.36,5,3.66,1,7,14,49.86,,improving,83.11
improving,rl_based,25,False,60.0,599,58.5,5,0,3,183.79,0.29,0.75,0.13,235.86,0.88,0.81,0.37,5,3.81,2,6,14,43.47,,improving,72.45
improving,rl_based,26,False,60.0,601,100.0,0,0,1,186.03,0.27,0.77,0.11,240.69,0.89,0.82,0.37,5,2.57,1,6,12,0.0,,improving,0.0
improving,rl_based,27,False,60.0,601,48.9,6,0,0,188.28,0.25,0.79,0.1,245.52,0.91,0.82,0.38,5,3.44,0,6,15,49.2,,improving,82.0
improving,rl_based,28,False,60.0,599,64.5,4,0,2,190.52,0.23,0.81,0.09,250.34,0.92,0.83,0.39,5,3.13,1,6,15,44.26,,improving,73.77
improving,rl_based,29,False,60.0,601,49.3,6,0,1,192.76,0.22,0.83,0.07,255.17,0.94,0.84,0.39,5,2.82,0,6,12,50.12,,improving,83.54
improving,rl_based,30,False,60.0,599,92.2,1,0,1,195.0,0.2,0.85,0.06,260.0,0.95,0.85,0.4,5,1.54,0,5,12,0.0,,improving,0.0
