profile_name,system_name,run_number,player_died,survival_time,score,health_remaining,hits_taken,deaths,initial_difficulty,final_difficulty,average_difficulty,min_difficulty,max_difficulty,difficulty_changes,time_in_target_range,target_range_percentage,profile_speed,profile_reaction_time,profile_dodge_chance,profile_mistake_chance,profile_detection_radius,profile_dodge_duration,profile_strafe_weight,profile_retreat_weight
intermediate,rl_based,1,true,30.52,305,0,9,1,5,9,7.41,4,10,10,6.27,20.53,170,0.3,0.65,0.15,220,0.85,0.75,0.35
skilled,rl_based,2,false,60,599,68.1,4,0,5,2,2.36,1,5,19,49.39,82.31,195,0.2,0.85,0.06,260,0.95,0.85,0.4
intermediate,rl_based,3,true,30.17,301,0,10,1,5,9,7.39,5,9,10,13.96,46.29,170,0.3,0.65,0.15,220,0.85,0.75,0.35
skilled,rl_based,4,true,42.45,424,0,11,1,5,7,5.31,4,7,14,11.51,27.12,195,0.2,0.85,0.06,260,0.95,0.85,0.4
intermediate,rl_based,5,true,35.23,352,0,11,1,5,5,5.52,3,8,12,14.57,41.36,170,0.3,0.65,0.15,220,0.85,0.75,0.35
skilled,rl_based,6,true,37.85,378,0,11,1,5,8,6.66,5,9,13,5.58,14.75,195,0.2,0.85,0.06,260,0.95,0.85,0.4
intermediate,rl_based,7,true,41.17,411,0,11,1,5,7,5.71,4,8,14,7.83,19.03,170,0.3,0.65,0.15,220,0.85,0.75,0.35
inconsistent,rl_based,8,false,60,600,18.7,9,0,5,3,5.27,3,7,20,35.92,59.87,174.72,0.42,0.78,0.38,253.34,0.94,0.62,0.45
inconsistent,rl_based,9,false,60,599,87.9,2,0,5,2,2.21,1,5,19,0,0,189.31,0.59,0.5,0.06,257.66,0.68,0.66,0.42
inconsistent,rl_based,10,true,58.95,589,0,9,1,5,8,5.2,2,9,19,13.5,22.9,164.87,0.26,0.52,0.08,239.38,0.89,0.73,0.43
skilled,rl_based,11,true,18.45,184,0,9,1,5,9,7.82,5,9,6,7.17,38.84,195,0.2,0.85,0.06,260,0.95,0.85,0.4
inconsistent,rl_based,12,true,39.68,396,0,10,1,5,10,7.15,5,10,13,23.61,59.49,192.26,0.59,0.56,0.12,241.3,0.72,0.73,0.42
intermediate,rl_based,13,true,32.1,320,0,10,1,5,8,6.56,4,9,11,10.98,34.2,170,0.3,0.65,0.15,220,0.85,0.75,0.35
intermediate,rl_based,14,true,51.2,511,0,12,1,5,6,5.63,4,7,17,21.08,41.18,170,0.3,0.65,0.15,220,0.85,0.75,0.35
beginner,rl_based,15,true,32.2,321,0,14,1,5,4,3.33,2,5,11,11.4,35.4,130,0.7,0.28,0.45,120,0.55,0.6,0.2
skilled,rl_based,16,true,34.82,348,0,11,1,5,7,6.11,5,7,12,21.08,60.55,195,0.2,0.85,0.06,260,0.95,0.85,0.4
intermediate,rl_based,17,true,35.48,354,0,10,1,5,7,6.81,5,8,12,23.6,66.5,170,0.3,0.65,0.15,220,0.85,0.75,0.35
skilled,rl_based,18,true,25.87,258,0,9,1,5,10,7.35,5,10,9,8.67,33.5,195,0.2,0.85,0.06,260,0.95,0.85,0.4
beginner,rl_based,19,true,30.42,304,0,11,1,5,7,5.87,4,7,10,6.83,22.46,130,0.7,0.28,0.45,120,0.55,0.6,0.2
skilled,rl_based,20,true,58.05,580,0,9,1,5,10,5.84,2,10,19,28.47,49.04,195,0.2,0.85,0.06,260,0.95,0.85,0.4
intermediate,rl_based,21,false,60,600,26.1,8,0,5,1,4.17,1,7,20,18.83,31.39,170,0.3,0.65,0.15,220,0.85,0.75,0.35
inconsistent,rl_based,22,true,48.28,482,0,10,1,5,9,6.67,3,10,16,24.54,50.83,150.6,0.38,0.61,0.38,165.39,0.69,0.81,0.34
beginner,rl_based,23,true,52.97,529,0,13,1,5,6,4.22,2,6,17,29.17,55.06,130,0.7,0.28,0.45,120,0.55,0.6,0.2
intermediate,rl_based,24,false,60,600,25.2,8,0,5,5,4.8,1,7,20,17.33,28.89,170,0.3,0.65,0.15,220,0.85,0.75,0.35
inconsistent,rl_based,25,true,46.12,461,0,9,1,5,10,7.65,5,10,15,15.12,32.79,142.67,0.35,0.71,0.17,157.65,0.75,0.65,0.43
intermediate,rl_based,26,true,22.52,225,0,10,1,5,7,6.18,5,7,8,9.16,40.67,170,0.3,0.65,0.15,220,0.85,0.75,0.35
beginner,rl_based,27,true,42.13,421,0,11,1,5,9,5.71,3,9,14,10.75,25.51,130,0.7,0.28,0.45,120,0.55,0.6,0.2
beginner,rl_based,28,true,19.2,192,0,9,1,5,8,8.13,5,10,7,10.05,52.34,130,0.7,0.28,0.45,120,0.55,0.6,0.2
intermediate,rl_based,29,true,43.77,437,0,10,1,5,8,6.09,3,9,15,18.83,43.03,170,0.3,0.65,0.15,220,0.85,0.75,0.35
inconsistent,rl_based,30,false,60,600,56.7,6,0,5,4,2.25,1,5,19,51.79,86.32,136.28,0.23,0.57,0.16,228.86,0.67,0.8,0.37
beginner,rl_based,31,true,54.52,545,0,12,1,5,3,4.68,3,6,18,32.15,58.97,130,0.7,0.28,0.45,120,0.55,0.6,0.2
intermediate,rl_based,32,true,29.8,297,0,9,1,5,9,7.39,5,10,10,16.83,56.47,170,0.3,0.65,0.15,220,0.85,0.75,0.35
beginner,rl_based,33,true,22.18,221,0,10,1,5,9,6.49,4,9,8,4.83,21.79,130,0.7,0.28,0.45,120,0.55,0.6,0.2
inconsistent,rl_based,34,true,28.93,289,0,9,1,5,9,7.83,5,10,10,11.42,39.46,174.15,0.56,0.8,0.16,197.81,0.72,0.64,0.23
beginner,rl_based,35,true,43.02,430,0,13,1,5,7,4.62,3,7,14,15.58,36.22,130,0.7,0.28,0.45,120,0.55,0.6,0.2
inconsistent,rl_based,36,true,21.8,218,0,8,1,5,9,8.15,5,10,8,6.25,28.66,169.09,0.43,0.71,0.32,226.24,0.93,0.81,0.4
intermediate,rl_based,37,true,44.92,449,0,10,1,5,10,6.22,3,10,15,22.63,50.39,170,0.3,0.65,0.15,220,0.85,0.75,0.35
skilled,rl_based,38,true,35.05,350,0,10,1,5,9,6.49,4,9,12,18.67,53.26,195,0.2,0.85,0.06,260,0.95,0.85,0.4
beginner,rl_based,39,true,19.4,194,0,11,1,5,8,5.95,5,8,7,8.98,46.3,130,0.7,0.28,0.45,120,0.55,0.6,0.2
skilled,rl_based,40,true,19.05,190,0,8,1,5,8,8.15,5,10,7,4.01,21.04,195,0.2,0.85,0.06,260,0.95,0.85,0.4
inconsistent,rl_based,41,true,27.02,270,0,10,1,5,8,6.41,4,9,9,13.12,48.55,135.23,0.28,0.55,0.09,187.76,0.74,0.75,0.37
skilled,rl_based,42,true,17.28,172,0,9,1,5,9,8.07,5,10,6,7.62,44.09,195,0.2,0.85,0.06,260,0.95,0.85,0.4
intermediate,rl_based,43,true,54.58,545,0,12,1,5,9,5.69,3,9,18,27.33,50.07,170,0.3,0.65,0.15,220,0.85,0.75,0.35
inconsistent,rl_based,44,true,56.03,560,0,11,1,5,8,5.64,2,9,19,29.57,52.78,149.07,0.43,0.8,0.22,222.85,0.88,0.82,0.36
beginner,rl_based,45,true,36.7,366,0,13,1,5,5,4,2,6,12,18.64,50.78,130,0.7,0.28,0.45,120,0.55,0.6,0.2
intermediate,rl_based,46,true,29.35,293,0,9,1,5,9,7.22,4,10,10,15.96,54.37,170,0.3,0.65,0.15,220,0.85,0.75,0.35
skilled,rl_based,47,true,44.98,449,0,11,1,5,8,5.44,3,9,15,27.83,61.88,195,0.2,0.85,0.06,260,0.95,0.85,0.4
skilled,rl_based,48,true,18.17,181,0,8,1,5,9,8.14,5,10,6,3.33,18.35,195,0.2,0.85,0.06,260,0.95,0.85,0.4
beginner,rl_based,49,true,33.05,330,0,12,1,5,6,5.16,4,7,11,12.82,38.78,130,0.7,0.28,0.45,120,0.55,0.6,0.2
skilled,rl_based,50,false,60,600,73.4,3,0,5,3,3.1,1,6,20,50.61,84.36,195,0.2,0.85,0.06,260,0.95,0.85,0.4
skilled,rl_based,51,true,30.28,302,0,10,1,5,9,6.25,4,9,10,14.32,47.3,195,0.2,0.85,0.06,260,0.95,0.85,0.4
intermediate,rl_based,52,true,42.68,426,0,10,1,5,9,6.62,3,10,14,14.83,34.75,170,0.3,0.65,0.15,220,0.85,0.75,0.35
beginner,rl_based,53,true,20.43,204,0,9,1,5,8,7.83,5,9,7,7.35,35.97,130,0.7,0.28,0.45,120,0.55,0.6,0.2
intermediate,rl_based,54,false,60,600,76.6,3,0,5,5,3.34,1,6,20,14,23.33,170,0.3,0.65,0.15,220,0.85,0.75,0.35
inconsistent,rl_based,55,true,25.12,251,0,10,1,5,10,7.3,5,10,9,9.78,38.96,168.85,0.41,0.58,0.12,236.6,0.75,0.77,0.4
skilled,rl_based,56,true,14.47,144,0,9,1,5,10,7.8,5,10,5,5.33,36.86,195,0.2,0.85,0.06,260,0.95,0.85,0.4
inconsistent,rl_based,57,true,19.9,199,0,9,1,5,8,7.23,5,9,7,10.53,52.92,177.89,0.41,0.49,0.11,209.9,0.66,0.74,0.35
skilled,rl_based,58,true,56.65,566,0,10,1,5,10,6.02,4,10,19,22.83,40.3,195,0.2,0.85,0.06,260,0.95,0.85,0.4
beginner,rl_based,59,true,18.88,188,0,9,1,5,8,7.19,5,8,7,8.01,42.4,130,0.7,0.28,0.45,120,0.55,0.6,0.2
inconsistent,rl_based,60,true,29.08,290,0,9,1,5,9,7.55,4,10,10,9.5,32.66,175.38,0.52,0.74,0.2,167.01,0.92,0.65,0.38
skilled,rl_based,61,true,22.68,226,0,10,1,5,10,7.35,5,10,7,10.32,45.52,195,0.2,0.85,0.06,260,0.95,0.85,0.4
skilled,rl_based,62,true,38.87,388,0,9,1,5,10,7.1,4,10,13,11.58,29.8,195,0.2,0.85,0.06,260,0.95,0.85,0.4
inconsistent,rl_based,63,true,38.12,381,0,10,1,5,10,7.1,5,10,13,11.92,31.26,183.96,0.42,0.57,0.2,228.28,0.75,0.81,0.32
intermediate,rl_based,64,true,51.7,516,0,11,1,5,10,5.94,4,10,17,24.21,46.82,170,0.3,0.65,0.15,220,0.85,0.75,0.35
inconsistent,rl_based,65,true,47.13,471,0,11,1,5,9,6.34,4,10,16,16.57,35.15,161.24,0.59,0.38,0.26,194.05,0.6,0.68,0.35
intermediate,rl_based,66,true,35.33,353,0,10,1,5,5,6.04,4,8,12,10.17,28.77,170,0.3,0.65,0.15,220,0.85,0.75,0.35
skilled,rl_based,67,true,18.23,182,0,8,1,5,9,8.14,5,10,6,10.32,56.58,195,0.2,0.85,0.06,260,0.95,0.85,0.4
skilled,rl_based,68,true,22.25,222,0,9,1,5,9,7.02,4,10,8,8.25,37.08,195,0.2,0.85,0.06,260,0.95,0.85,0.4
inconsistent,rl_based,69,true,24.25,242,0,9,1,5,9,8.24,5,10,8,6.92,28.52,164.76,0.58,0.68,0.37,233.14,0.77,0.84,0.23
intermediate,rl_based,70,false,60,599,21.3,10,0,5,7,3.56,1,7,20,32.33,53.89,170,0.3,0.65,0.15,220,0.85,0.75,0.35
intermediate,rl_based,71,true,17.87,178,0,9,1,5,9,8.14,5,10,6,8,44.77,170,0.3,0.65,0.15,220,0.85,0.75,0.35
inconsistent,rl_based,72,true,26.25,262,0,10,1,5,10,6.94,5,10,9,13.36,50.91,136.33,0.39,0.36,0.17,245.31,0.81,0.78,0.42
beginner,rl_based,73,true,27.48,274,0,10,1,5,8,6.42,5,8,9,7.67,27.89,130,0.7,0.28,0.45,120,0.55,0.6,0.2
inconsistent,rl_based,74,true,53.38,533,0,12,1,5,5,5.31,4,7,18,15.08,28.25,152.82,0.27,0.38,0.07,158.3,0.91,0.76,0.22
intermediate,rl_based,75,true,24.87,248,0,9,1,5,9,7.25,4,10,8,7.92,31.84,170,0.3,0.65,0.15,220,0.85,0.75,0.35
inconsistent,rl_based,76,true,50.02,500,0,10,1,5,9,6.11,4,10,16,28.25,56.48,148.26,0.44,0.62,0.15,174.24,0.88,0.63,0.31
inconsistent,rl_based,77,true,37.37,373,0,11,1,5,7,5.12,3,7,12,25.53,68.33,183.38,0.42,0.47,0.18,179.75,0.7,0.74,0.33
intermediate,rl_based,78,true,35.25,352,0,10,1,5,7,5.94,4,8,12,15.67,44.45,170,0.3,0.65,0.15,220,0.85,0.75,0.35
beginner,rl_based,79,true,29.97,299,0,12,1,5,7,5.67,4,8,10,12.14,40.5,130,0.7,0.28,0.45,120,0.55,0.6,0.2
inconsistent,rl_based,80,true,42.67,426,0,10,1,5,9,6.6,4,10,14,28.79,67.48,169.15,0.55,0.75,0.11,203.38,0.83,0.81,0.34
intermediate,rl_based,81,true,42.92,429,0,10,1,5,9,6.62,4,9,14,27,62.91,170,0.3,0.65,0.15,220,0.85,0.75,0.35
beginner,rl_based,82,true,28.15,281,0,10,1,5,9,6.69,5,9,10,19.42,68.97,130,0.7,0.28,0.45,120,0.55,0.6,0.2
inconsistent,rl_based,83,true,33.62,336,0,11,1,5,10,5.82,3,10,11,17.5,52.06,150.61,0.21,0.42,0.13,203.75,0.71,0.76,0.43
beginner,rl_based,84,true,16.5,165,0,12,1,5,7,4.58,3,7,6,8.92,54.04,130,0.7,0.28,0.45,120,0.55,0.6,0.2
skilled,rl_based,85,true,33.62,336,0,10,1,5,8,6.96,5,9,11,10,29.75,195,0.2,0.85,0.06,260,0.95,0.85,0.4
intermediate,rl_based,86,false,60,600,61.7,5,0,5,7,2.94,1,7,20,38.8,64.67,170,0.3,0.65,0.15,220,0.85,0.75,0.35
beginner,rl_based,87,true,15.48,154,0,9,1,5,8,7.58,5,9,5,7.48,48.33,130,0.7,0.28,0.45,120,0.55,0.6,0.2
inconsistent,rl_based,88,true,19.08,190,0,8,1,5,9,8.11,5,10,6,6.36,33.32,165.37,0.64,0.4,0.1,230.18,0.85,0.63,0.23
beginner,rl_based,89,true,29.18,291,0,12,1,5,9,5.25,3,9,10,14.66,50.24,130,0.7,0.28,0.45,120,0.55,0.6,0.2
skilled,rl_based,90,true,21.4,214,0,9,1,5,10,8.12,5,10,7,8.25,38.55,195,0.2,0.85,0.06,260,0.95,0.85,0.4
intermediate,rl_based,91,false,60,600,2.4,11,0,5,6,5.22,3,7,19,34.26,57.1,170,0.3,0.65,0.15,220,0.85,0.75,0.35
inconsistent,rl_based,92,true,24.13,241,0,11,1,5,7,6.2,5,8,8,13.45,55.75,187.22,0.46,0.75,0.3,179.36,0.93,0.81,0.43
skilled,rl_based,93,true,40.85,408,0,10,1,5,8,6.01,4,9,13,18.92,46.31,195,0.2,0.85,0.06,260,0.95,0.85,0.4
skilled,rl_based,94,true,19.7,197,0,9,1,5,10,7.89,5,10,7,10.04,50.94,195,0.2,0.85,0.06,260,0.95,0.85,0.4
skilled,rl_based,95,true,51.32,513,0,10,1,5,8,5.44,3,8,17,11.43,22.27,195,0.2,0.85,0.06,260,0.95,0.85,0.4
inconsistent,rl_based,96,true,23.65,236,0,10,1,5,9,6.86,4,9,8,9.38,39.68,138.77,0.62,0.54,0.08,185.63,0.61,0.63,0.27
skilled,rl_based,97,true,33.42,334,0,10,1,5,8,5.99,3,9,11,3.99,11.95,195,0.2,0.85,0.06,260,0.95,0.85,0.4
intermediate,rl_based,98,true,17.67,176,0,9,1,5,9,8.14,5,10,6,3.87,21.89,170,0.3,0.65,0.15,220,0.85,0.75,0.35
intermediate,rl_based,99,true,44.63,446,0,10,1,5,8,6.68,4,10,15,22.26,49.87,170,0.3,0.65,0.15,220,0.85,0.75,0.35
intermediate,rl_based,100,true,17.18,171,0,9,1,5,9,8.09,5,10,6,10.26,59.73,170,0.3,0.65,0.15,220,0.85,0.75,0.35
skilled,rl_based,101,true,29.13,291,0,8,1,5,10,8.43,5,10,9,6.53,22.43,195,0.2,0.85,0.06,260,0.95,0.85,0.4
skilled,rl_based,102,true,19.53,195,0,9,1,5,10,8.23,5,10,7,6.67,34.15,195,0.2,0.85,0.06,260,0.95,0.85,0.4
beginner,rl_based,103,true,37.45,374,0,14,1,5,7,3.65,2,7,12,21.07,56.27,130,0.7,0.28,0.45,120,0.55,0.6,0.2
skilled,rl_based,104,true,42.47,424,0,11,1,5,7,4.87,2,8,14,23.97,56.45,195,0.2,0.85,0.06,260,0.95,0.85,0.4
beginner,rl_based,105,false,60,600,21.3,10,0,5,5,4.38,3,6,20,26.65,44.42,130,0.7,0.28,0.45,120,0.55,0.6,0.2
intermediate,rl_based,106,true,20.92,209,0,9,1,5,10,8.32,5,10,7,8.24,39.4,170,0.3,0.65,0.15,220,0.85,0.75,0.35
intermediate,rl_based,107,true,40.83,408,0,9,1,5,7,7.07,5,9,14,12.39,30.34,170,0.3,0.65,0.15,220,0.85,0.75,0.35
intermediate,rl_based,108,true,36.38,363,0,10,1,5,9,6.95,5,9,12,12.23,33.63,170,0.3,0.65,0.15,220,0.85,0.75,0.35
skilled,rl_based,109,true,30.37,303,0,9,1,5,9,6.44,4,9,10,5.07,16.69,195,0.2,0.85,0.06,260,0.95,0.85,0.4
beginner,rl_based,110,true,27.93,279,0,12,1,5,5,5.11,4,6,10,13.2,47.25,130,0.7,0.28,0.45,120,0.55,0.6,0.2
intermediate,rl_based,111,true,35.15,351,0,10,1,5,7,6.65,4,9,12,15.08,42.9,170,0.3,0.65,0.15,220,0.85,0.75,0.35
beginner,rl_based,112,true,12.15,121,0,10,1,5,7,6.99,5,8,4,3.97,32.69,130,0.7,0.28,0.45,120,0.55,0.6,0.2
inconsistent,rl_based,113,true,27.62,276,0,10,1,5,8,6.41,4,8,9,10.4,37.67,158.16,0.65,0.57,0.2,233.83,0.89,0.71,0.32
beginner,rl_based,114,true,26.7,266,0,11,1,5,8,6.16,4,8,9,10.36,38.82,130,0.7,0.28,0.45,120,0.55,0.6,0.2
skilled,rl_based,115,true,19.63,196,0,9,1,5,10,8.24,5,10,7,5.73,29.21,195,0.2,0.85,0.06,260,0.95,0.85,0.4
beginner,rl_based,116,true,23.3,232,0,11,1,5,9,6.05,4,9,8,8,34.34,130,0.7,0.28,0.45,120,0.55,0.6,0.2
intermediate,rl_based,117,true,39.95,399,0,11,1,5,8,6.4,5,8,13,18.81,47.08,170,0.3,0.65,0.15,220,0.85,0.75,0.35
skilled,rl_based,118,false,60,601,92.2,1,0,5,7,3.03,1,7,20,0,0,195,0.2,0.85,0.06,260,0.95,0.85,0.4
beginner,rl_based,119,true,17.82,178,0,9,1,5,9,7.38,5,9,6,6,33.69,130,0.7,0.28,0.45,120,0.55,0.6,0.2
intermediate,rl_based,120,true,48.12,481,0,11,1,5,7,5.26,4,7,16,28.26,58.74,170,0.3,0.65,0.15,220,0.85,0.75,0.35
beginner,rl_based,121,false,60,601,31.1,10,0,5,3,2.56,1,5,20,50.12,83.54,130,0.7,0.28,0.45,120,0.55,0.6,0.2
skilled,rl_based,122,true,19.1,191,0,9,1,5,9,8.17,5,10,6,5.2,27.25,195,0.2,0.85,0.06,260,0.95,0.85,0.4
intermediate,rl_based,123,false,60,601,51.8,6,0,5,5,3.97,2,6,20,38.92,64.87,170,0.3,0.65,0.15,220,0.85,0.75,0.35
intermediate,rl_based,124,false,60,601,38.6,7,0,5,3,4.23,1,7,20,41.32,68.87,170,0.3,0.65,0.15,220,0.85,0.75,0.35
skilled,rl_based,125,false,60,600,46.8,6,0,5,4,3.57,1,6,19,48.18,80.3,195,0.2,0.85,0.06,260,0.95,0.85,0.4
skilled,rl_based,126,true,28.28,282,0,10,1,5,10,6.83,4,10,9,6.4,22.63,195,0.2,0.85,0.06,260,0.95,0.85,0.4
beginner,rl_based,127,true,55.63,556,0,14,1,5,1,3.8,1,6,18,25.73,46.24,130,0.7,0.28,0.45,120,0.55,0.6,0.2
skilled,rl_based,128,true,33.17,331,0,10,1,5,10,7.06,4,10,11,13.47,40.6,195,0.2,0.85,0.06,260,0.95,0.85,0.4
skilled,rl_based,129,true,33.95,339,0,9,1,5,10,7.88,5,10,11,19.34,56.96,195,0.2,0.85,0.06,260,0.95,0.85,0.4
skilled,rl_based,130,true,33.15,331,0,9,1,5,10,6.32,3,10,11,9.07,27.35,195,0.2,0.85,0.06,260,0.95,0.85,0.4
beginner,rl_based,131,true,35.2,351,0,11,1,5,3,5.44,3,7,12,10.27,29.18,130,0.7,0.28,0.45,120,0.55,0.6,0.2
inconsistent,rl_based,132,true,58.45,584,0,14,1,5,6,3.91,2,6,19,14.27,24.42,164.02,0.39,0.68,0.23,216.73,0.74,0.69,0.25
skilled,rl_based,133,false,60,601,67.4,4,0,5,1,3.29,1,5,20,41.86,69.76,195,0.2,0.85,0.06,260,0.95,0.85,0.4
beginner,rl_based,134,true,21.35,213,0,9,1,5,10,8.02,5,10,7,9.2,43.07,130,0.7,0.28,0.45,120,0.55,0.6,0.2
inconsistent,rl_based,135,true,22.77,227,0,9,1,5,9,7.61,5,9,8,12.35,54.26,144.32,0.49,0.64,0.24,226.11,0.6,0.76,0.32
beginner,rl_based,136,false,60,599,24.8,10,0,5,3,3.42,1,5,20,40.15,66.91,130,0.7,0.28,0.45,120,0.55,0.6,0.2
skilled,rl_based,137,false,60,599,75.9,3,0,5,2,2.24,1,6,19,43.75,72.91,195,0.2,0.85,0.06,260,0.95,0.85,0.4
intermediate,rl_based,138,false,60,601,68.8,4,0,5,2,2.69,1,5,19,33.19,55.32,170,0.3,0.65,0.15,220,0.85,0.75,0.35
intermediate,rl_based,139,false,60,599,1.2,12,0,5,3,3.83,1,7,20,43.47,72.45,170,0.3,0.65,0.15,220,0.85,0.75,0.35
intermediate,rl_based,140,true,23.23,232,0,10,1,5,9,7.08,5,9,8,10.53,45.34,170,0.3,0.65,0.15,220,0.85,0.75,0.35
skilled,rl_based,141,false,60,600,71.2,3,0,5,2,3.62,1,7,19,52.6,87.67,195,0.2,0.85,0.06,260,0.95,0.85,0.4
beginner,rl_based,142,true,32.03,320,0,12,1,5,6,4.91,3,7,11,18.81,58.72,130,0.7,0.28,0.45,120,0.55,0.6,0.2
skilled,rl_based,143,false,60,600,65.6,4,0,5,5,4.49,3,6,20,10.26,17.1,195,0.2,0.85,0.06,260,0.95,0.85,0.4
inconsistent,rl_based,144,true,18.13,181,0,8,1,5,9,8.17,5,10,6,6.13,33.82,140.59,0.24,0.68,0.19,173.74,0.89,0.76,0.36
inconsistent,rl_based,145,false,60,600,31.8,10,0,5,1,2.25,1,5,20,38,63.34,161.86,0.38,0.81,0.1,177.89,0.7,0.78,0.42
inconsistent,rl_based,146,false,60,599,46.3,6,0,5,4,3.38,1,7,19,46.67,77.78,145,0.41,0.35,0.29,208.03,0.81,0.67,0.37
beginner,rl_based,147,true,48.28,482,0,15,1,5,5,2.53,1,5,16,20.53,42.51,130,0.7,0.28,0.45,120,0.55,0.6,0.2
inconsistent,rl_based,148,true,34.4,343,0,10,1,5,7,5.92,4,7,12,22.81,66.29,169.19,0.43,0.47,0.29,204.02,0.67,0.67,0.22
skilled,rl_based,149,false,60,600,11,9,0,5,5,5.64,3,8,20,36.02,60.03,195,0.2,0.85,0.06,260,0.95,0.85,0.4
intermediate,rl_based,150,false,60,601,64.9,4,0,5,2,3.6,1,6,19,38.27,63.78,170,0.3,0.65,0.15,220,0.85,0.75,0.35
inconsistent,rl_based,151,false,60,599,60.3,5,0,5,2,3.37,1,5,19,27.61,46.01,144.65,0.36,0.82,0.32,223.27,0.64,0.6,0.39
beginner,rl_based,152,false,60,601,2,14,0,5,2,2.24,1,5,19,23.87,39.78,130,0.7,0.28,0.45,120,0.55,0.6,0.2
inconsistent,rl_based,153,false,60,599,47.4,8,0,5,2,2.03,1,5,19,42.14,70.23,159.25,0.2,0.55,0.39,255.16,0.8,0.7,0.34
intermediate,rl_based,154,false,60,600,63.8,5,0,5,2,2.02,1,5,19,53.99,89.98,170,0.3,0.65,0.15,220,0.85,0.75,0.35
skilled,rl_based,155,false,60,599,66,4,0,5,2,2.57,1,5,19,45.46,75.77,195,0.2,0.85,0.06,260,0.95,0.85,0.4
intermediate,rl_based,156,false,60,599,71.6,4,0,5,2,1.99,1,5,19,32.94,54.89,170,0.3,0.65,0.15,220,0.85,0.75,0.35
intermediate,rl_based,157,true,40.05,400,0,10,1,5,6,6.64,5,8,13,7.46,18.62,170,0.3,0.65,0.15,220,0.85,0.75,0.35
inconsistent,rl_based,158,false,60,600,16.8,10,0,5,2,3.57,1,7,19,31.87,53.12,162.03,0.55,0.47,0.23,190.94,0.95,0.78,0.27
skilled,rl_based,159,false,60,599,50.7,6,0,5,2,2.66,1,6,19,50.41,84.01,195,0.2,0.85,0.06,260,0.95,0.85,0.4
skilled,rl_based,160,false,60,600,100,0,0,5,1,2.05,1,5,20,0,0,195,0.2,0.85,0.06,260,0.95,0.85,0.4
intermediate,rl_based,161,false,60,601,3.6,10,0,5,2,4.92,1,8,19,16.81,28.01,170,0.3,0.65,0.15,220,0.85,0.75,0.35
inconsistent,rl_based,162,true,47.8,477,0,14,1,5,3,3.03,1,6,16,24,50.21,160.97,0.63,0.37,0.1,203.76,0.74,0.81,0.34
beginner,rl_based,163,true,47.85,478,0,15,1,5,2,2.43,1,5,15,26.67,55.73,130,0.7,0.28,0.45,120,0.55,0.6,0.2
inconsistent,rl_based,164,true,51.38,513,0,12,1,5,4,5.09,3,7,17,24.81,48.28,148.3,0.43,0.62,0.24,245.78,0.85,0.62,0.27
skilled,rl_based,165,false,60,600,12.7,10,0,5,1,3.81,1,6,20,41.97,69.95,195,0.2,0.85,0.06,260,0.95,0.85,0.4
inconsistent,rl_based,166,false,60,600,55.6,5,0,5,6,3.56,1,7,19,48.68,81.13,148.46,0.29,0.8,0.3,165.22,0.61,0.69,0.41
intermediate,rl_based,167,false,60,599,83.7,2,0,5,2,2.65,1,5,19,0,0,170,0.3,0.65,0.15,220,0.85,0.75,0.35
inconsistent,rl_based,168,false,60,601,46.3,6,0,5,1,3.9,1,7,20,45.62,76.04,150.29,0.61,0.69,0.4,173.89,0.75,0.84,0.21
beginner,rl_based,169,false,60,599,19,12,0,5,2,2.11,1,5,19,22.13,36.88,130,0.7,0.28,0.45,120,0.55,0.6,0.2
skilled,rl_based,170,false,60,600,84.4,2,0,5,2,2.22,1,5,19,0,0,195,0.2,0.85,0.06,260,0.95,0.85,0.4
inconsistent,rl_based,171,false,60,601,39.3,7,0,5,2,3.6,1,6,19,39.87,66.45,170.06,0.43,0.72,0.35,231.52,0.7,0.67,0.21
beginner,rl_based,172,false,60,600,36.7,10,0,5,2,1.89,1,5,19,29.48,49.14,130,0.7,0.28,0.45,120,0.55,0.6,0.2
skilled,rl_based,173,false,60,599,86.5,2,0,5,2,1.88,1,5,19,0,0,195,0.2,0.85,0.06,260,0.95,0.85,0.4
inconsistent,rl_based,174,false,60,599,79.4,3,0,5,1,1.67,1,5,18,50.41,84.01,139.24,0.44,0.6,0.08,248.01,0.82,0.79,0.33
intermediate,rl_based,175,false,60,599,77.3,3,0,5,8,3.46,1,8,19,13.74,22.9,170,0.3,0.65,0.15,220,0.85,0.75,0.35
intermediate,rl_based,176,false,60,601,83.7,2,0,5,2,3.06,1,5,19,0,0,170,0.3,0.65,0.15,220,0.85,0.75,0.35
beginner,rl_based,177,true,55.85,558,0,15,1,5,3,2.48,1,5,18,28.28,50.64,130,0.7,0.28,0.45,120,0.55,0.6,0.2
skilled,rl_based,178,true,21.73,217,0,9,1,5,5,7.26,5,9,8,7.04,32.38,195,0.2,0.85,0.06,260,0.95,0.85,0.4
intermediate,rl_based,179,false,60,599,64.9,4,0,5,2,3.52,1,6,19,10.94,18.23,170,0.3,0.65,0.15,220,0.85,0.75,0.35
beginner,rl_based,180,true,33.2,331,0,11,1,5,8,5.46,3,8,11,19.69,59.32,130,0.7,0.28,0.45,120,0.55,0.6,0.2
beginner,rl_based,181,true,53.25,532,0,14,1,5,2,3.46,1,7,17,27.32,51.31,130,0.7,0.28,0.45,120,0.55,0.6,0.2
intermediate,rl_based,182,false,60,599,61,5,0,5,4,2.87,1,5,19,46.68,77.79,170,0.3,0.65,0.15,220,0.85,0.75,0.35
skilled,rl_based,183,true,42.58,425,0,10,1,5,7,5.62,3,9,14,27.88,65.47,195,0.2,0.85,0.06,260,0.95,0.85,0.4
beginner,rl_based,184,true,22.9,228,0,10,1,5,7,6.44,5,8,8,3.47,15.16,130,0.7,0.28,0.45,120,0.55,0.6,0.2
skilled,rl_based,185,false,60,601,77.3,3,0,5,2,2.42,1,5,19,35.07,58.45,195,0.2,0.85,0.06,260,0.95,0.85,0.4
skilled,rl_based,186,false,60,600,92.2,1,0,5,2,2.03,1,5,19,0,0,195,0.2,0.85,0.06,260,0.95,0.85,0.4
intermediate,rl_based,187,false,60,600,74.1,3,0,5,2,2.94,1,6,19,35.94,59.91,170,0.3,0.65,0.15,220,0.85,0.75,0.35
skilled,rl_based,188,true,21.93,219,0,9,1,5,9,7.57,5,10,8,12.52,57.1,195,0.2,0.85,0.06,260,0.95,0.85,0.4
beginner,rl_based,189,true,47.4,473,0,14,1,5,5,3.71,1,6,16,27.06,57.09,130,0.7,0.28,0.45,120,0.55,0.6,0.2
beginner,rl_based,190,true,52.17,521,0,13,1,5,4,4.13,1,7,17,17.92,34.36,130,0.7,0.28,0.45,120,0.55,0.6,0.2
inconsistent,rl_based,191,false,60,599,38.2,9,0,5,3,3.4,1,6,20,13.06,21.77,159.89,0.53,0.8,0.06,150.22,0.78,0.76,0.45
beginner,rl_based,192,true,41.58,415,0,16,1,5,2,1.96,1,5,13,20.14,48.43,130,0.7,0.28,0.45,120,0.55,0.6,0.2
inconsistent,rl_based,193,false,60,600,16.9,12,0,5,1,2.25,1,5,20,26.54,44.23,170.4,0.25,0.46,0.22,242.27,0.75,0.71,0.3
beginner,rl_based,194,true,58.7,586,0,15,1,5,4,2.71,1,5,19,19.82,33.77,130,0.7,0.28,0.45,120,0.55,0.6,0.2
beginner,rl_based,195,true,52.03,520,0,15,1,5,2,2.82,1,5,17,21.34,41.01,130,0.7,0.28,0.45,120,0.55,0.6,0.2
intermediate,rl_based,196,false,60,599,70.2,4,0,5,3,3.41,2,5,20,17.74,29.56,170,0.3,0.65,0.15,220,0.85,0.75,0.35
intermediate,rl_based,197,false,60,599,91.5,1,0,5,2,2.62,1,6,19,0,0,170,0.3,0.65,0.15,220,0.85,0.75,0.35
intermediate,rl_based,198,false,60,600,38.6,7,0,5,4,4.59,3,6,19,51.22,85.36,170,0.3,0.65,0.15,220,0.85,0.75,0.35
beginner,rl_based,199,false,60,599,32.5,10,0,5,2,2.91,1,6,19,36.01,60.01,130,0.7,0.28,0.45,120,0.55,0.6,0.2
intermediate,rl_based,200,false,60,601,100,0,0,5,1,2.03,1,5,18,0,0,170,0.3,0.65,0.15,220,0.85,0.75,0.35
inconsistent,rl_based,201,false,60,599,50,6,0,5,3,2.64,1,6,18,50.66,84.44,175.49,0.29,0.43,0.29,205.9,0.82,0.79,0.27
intermediate,rl_based,202,false,60,601,63.8,5,0,5,2,2.53,1,6,19,45.2,75.34,170,0.3,0.65,0.15,220,0.85,0.75,0.35
inconsistent,rl_based,203,false,60,600,69.5,4,0,5,2,2.55,1,5,19,21.47,35.78,177.89,0.23,0.49,0.06,243.04,0.72,0.64,0.28
skilled,rl_based,204,false,60,600,9.1,10,0,5,6,5.2,4,6,19,27.33,45.55,195,0.2,0.85,0.06,260,0.95,0.85,0.4
inconsistent,rl_based,205,false,60,601,63.8,5,0,5,1,2.21,1,5,18,16.79,27.99,187.32,0.48,0.43,0.27,224.94,0.68,0.83,0.2
intermediate,rl_based,206,false,60,599,85.1,2,0,5,2,2.24,1,5,19,0,0,170,0.3,0.65,0.15,220,0.85,0.75,0.35
beginner,rl_based,207,false,60,600,15.4,13,0,5,2,2.03,1,5,19,37.35,62.26,130,0.7,0.28,0.45,120,0.55,0.6,0.2
beginner,rl_based,208,false,60,600,34,9,0,5,1,3.28,1,5,20,16.66,27.76,130,0.7,0.28,0.45,120,0.55,0.6,0.2
beginner,rl_based,209,true,34.8,347,0,13,1,5,6,3.92,2,6,11,16.93,48.64,130,0.7,0.28,0.45,120,0.55,0.6,0.2
inconsistent,rl_based,210,false,60,601,63.8,5,0,5,2,2.23,1,5,19,28.01,46.68,154.5,0.62,0.51,0.24,250.63,0.63,0.7,0.37
skilled,rl_based,211,false,60,601,77.3,3,0,5,2,2.44,1,5,19,45.47,75.78,195,0.2,0.85,0.06,260,0.95,0.85,0.4
inconsistent,rl_based,212,true,45.57,455,0,12,1,5,4,4.89,4,6,15,13.33,29.25,171.32,0.42,0.47,0.1,233.63,0.87,0.84,0.29
beginner,rl_based,213,false,60,601,28.6,9,0,5,4,3.46,1,7,19,41.34,68.9,130,0.7,0.28,0.45,120,0.55,0.6,0.2
inconsistent,rl_based,214,false,60,599,49.6,6,0,5,2,3.08,1,6,19,26.4,44,167.4,0.21,0.75,0.26,176.42,0.7,0.83,0.44
inconsistent,rl_based,215,false,60,599,73,4,0,5,4,2.43,1,5,19,12,19.99,135.36,0.63,0.37,0.35,190.25,0.88,0.64,0.21
inconsistent,rl_based,216,false,60,600,36.7,10,0,5,4,2.17,1,5,19,48.39,80.65,189.33,0.56,0.58,0.26,192.9,0.82,0.76,0.28
beginner,rl_based,217,false,60,600,2,14,0,5,1,2.43,1,5,20,39.21,65.35,130,0.7,0.28,0.45,120,0.55,0.6,0.2
intermediate,rl_based,218,false,60,599,92.2,1,0,5,2,2.43,1,5,19,0,0,170,0.3,0.65,0.15,220,0.85,0.75,0.35
beginner,rl_based,219,false,60,600,22.2,11,0,5,2,2.54,1,6,19,46.63,77.72,130,0.7,0.28,0.45,120,0.55,0.6,0.2
inconsistent,rl_based,220,false,60,600,43.2,7,0,5,5,4.07,3,6,20,19.33,32.22,166.01,0.4,0.4,0.22,151.17,0.67,0.82,0.36
skilled,rl_based,221,false,60,601,92.9,1,0,5,1,2.74,1,5,20,0,0,195,0.2,0.85,0.06,260,0.95,0.85,0.4
skilled,rl_based,222,false,60,599,59.9,5,0,5,1,3.69,1,6,20,50.67,84.45,195,0.2,0.85,0.06,260,0.95,0.85,0.4
beginner,rl_based,223,false,60,599,36,10,0,5,2,1.71,1,5,19,49.47,82.45,130,0.7,0.28,0.45,120,0.55,0.6,0.2
beginner,rl_based,224,true,20.67,206,0,13,1,5,4,4.15,3,5,7,9.47,45.8,130,0.7,0.28,0.45,120,0.55,0.6,0.2
beginner,rl_based,225,false,60,601,15.4,13,0,5,1,1.8,1,5,18,41.73,69.55,130,0.7,0.28,0.45,120,0.55,0.6,0.2
intermediate,rl_based,226,false,60,600,54.6,6,0,5,4,3.28,1,5,19,50.41,84.02,170,0.3,0.65,0.15,220,0.85,0.75,0.35
intermediate,rl_based,227,false,60,601,100,0,0,5,1,1.69,1,5,18,0,0,170,0.3,0.65,0.15,220,0.85,0.75,0.35
beginner,rl_based,228,true,42.7,426,0,14,1,5,1,3.25,1,7,14,26.54,62.16,130,0.7,0.28,0.45,120,0.55,0.6,0.2
inconsistent,rl_based,229,false,60,600,50.3,7,0,5,2,2.35,1,5,19,41.19,68.66,180.27,0.33,0.61,0.19,215.59,0.71,0.79,0.21
skilled,rl_based,230,false,60,599,85.1,2,0,5,1,2.11,1,5,18,0,0,195,0.2,0.85,0.06,260,0.95,0.85,0.4
inconsistent,rl_based,231,false,60,600,78.7,3,0,5,2,1.68,1,5,19,30.15,50.25,166.38,0.21,0.35,0.15,198.99,0.74,0.64,0.35
inconsistent,rl_based,232,false,60,601,26.9,10,0,5,3,3.2,1,5,20,25.88,43.13,170.51,0.38,0.41,0.11,147.02,0.93,0.65,0.22
inconsistent,rl_based,233,true,53.72,537,0,13,1,5,4,3.27,1,6,17,15.48,28.81,144.44,0.27,0.62,0.21,203.66,0.71,0.61,0.39
intermediate,rl_based,234,false,60,601,69.5,4,0,5,1,2.95,1,5,20,47.73,79.55,170,0.3,0.65,0.15,220,0.85,0.75,0.35
inconsistent,rl_based,235,true,57.32,573,0,16,1,5,2,2.69,1,5,19,25.73,44.89,150.18,0.47,0.64,0.28,148.96,0.93,0.76,0.29
inconsistent,rl_based,236,false,60,600,39.6,9,0,5,1,1.99,1,5,18,51.21,85.35,165.27,0.58,0.52,0.37,233.36,0.76,0.6,0.29
skilled,rl_based,237,false,60,601,100,0,0,5,3,3.07,1,5,20,0,0,195,0.2,0.85,0.06,260,0.95,0.85,0.4
beginner,rl_based,238,false,60,600,17.6,12,0,5,2,2.14,1,5,19,19.07,31.79,130,0.7,0.28,0.45,120,0.55,0.6,0.2
intermediate,rl_based,239,false,60,600,85.8,2,0,5,2,3.48,1,6,19,0,0,170,0.3,0.65,0.15,220,0.85,0.75,0.35
beginner,rl_based,240,true,37.02,370,0,14,1,5,1,2.83,1,6,12,17.86,48.25,130,0.7,0.28,0.45,120,0.55,0.6,0.2
beginner,rl_based,241,false,60,601,19.6,13,0,5,3,1.81,1,5,18,27.73,46.21,130,0.7,0.28,0.45,120,0.55,0.6,0.2
intermediate,rl_based,242,false,60,601,78.7,3,0,5,1,1.98,1,5,18,48.81,81.35,170,0.3,0.65,0.15,220,0.85,0.75,0.35
intermediate,rl_based,243,false,60,600,77.3,3,0,5,1,2.42,1,5,18,6.13,10.22,170,0.3,0.65,0.15,220,0.85,0.75,0.35
skilled,rl_based,244,false,60,599,100,0,0,5,1,2.08,1,5,18,0,0,195,0.2,0.85,0.06,260,0.95,0.85,0.4
intermediate,rl_based,245,false,60,600,64.5,5,0,5,1,1.77,1,5,18,47.89,79.82,170,0.3,0.65,0.15,220,0.85,0.75,0.35
skilled,rl_based,246,false,60,601,93.6,1,0,5,3,1.85,1,5,18,0,0,195,0.2,0.85,0.06,260,0.95,0.85,0.4
beginner,rl_based,247,false,60,599,15.4,13,0,5,1,1.97,1,5,18,43.33,72.22,130,0.7,0.28,0.45,120,0.55,0.6,0.2
beginner,rl_based,248,false,60,601,24.6,12,0,5,2,1.88,1,5,19,28.52,47.53,130,0.7,0.28,0.45,120,0.55,0.6,0.2
beginner,rl_based,249,false,60,601,38.1,10,0,5,1,1.78,1,5,18,38.93,64.88,130,0.7,0.28,0.45,120,0.55,0.6,0.2
beginner,rl_based,250,false,60,600,23.9,12,0,5,1,1.77,1,5,18,40.81,68.01,130,0.7,0.28,0.45,120,0.55,0.6,0.2
inconsistent,rl_based,251,false,60,600,36,10,0,5,2,1.79,1,5,19,47.64,79.4,175.22,0.4,0.68,0.1,173.37,0.72,0.69,0.34
intermediate,rl_based,252,false,60,601,69.5,4,0,5,1,2.38,1,5,18,49.19,81.98,170,0.3,0.65,0.15,220,0.85,0.75,0.35
skilled,rl_based,253,false,60,599,78,3,0,5,2,2.1,1,5,19,0.13,0.22,195,0.2,0.85,0.06,260,0.95,0.85,0.4
intermediate,rl_based,254,false,60,600,85.1,2,0,5,1,1.72,1,5,16,0,0,170,0.3,0.65,0.15,220,0.85,0.75,0.35
intermediate,rl_based,255,false,60,600,53.1,5,0,5,3,3.15,1,7,18,44.67,74.44,170,0.3,0.65,0.15,220,0.85,0.75,0.35
beginner,rl_based,256,true,46.77,467,0,16,1,5,1,1.99,1,5,14,31.7,67.79,130,0.7,0.28,0.45,120,0.55,0.6,0.2
intermediate,rl_based,257,false,60,600,65.2,5,0,5,1,1.98,1,5,18,50.24,83.74,170,0.3,0.65,0.15,220,0.85,0.75,0.35
beginner,rl_based,258,true,58.6,585,0,17,1,5,2,1.7,1,5,19,30.94,52.8,130,0.7,0.28,0.45,120,0.55,0.6,0.2
intermediate,rl_based,259,false,60,601,48.2,7,0,5,1,1.94,1,5,16,52.68,87.8,170,0.3,0.65,0.15,220,0.85,0.75,0.35
inconsistent,rl_based,260,false,60,599,79.4,3,0,5,3,1.79,1,5,18,13.46,22.43,177.21,0.21,0.8,0.11,155.76,0.87,0.6,0.36
intermediate,rl_based,261,false,60,601,92.2,1,0,5,1,1.66,1,5,18,0,0,170,0.3,0.65,0.15,220,0.85,0.75,0.35
beginner,rl_based,262,false,60,601,23.2,12,0,5,1,1.92,1,5,16,35.32,58.87,130,0.7,0.28,0.45,120,0.55,0.6,0.2
inconsistent,rl_based,263,false,60,600,71.6,4,0,5,1,1.82,1,5,16,48.02,80.03,183.54,0.59,0.55,0.21,253.3,0.76,0.82,0.44
inconsistent,rl_based,264,false,60,601,37.4,10,0,5,2,1.75,1,5,17,49.6,82.67,142.43,0.52,0.37,0.1,153.43,0.71,0.67,0.28
beginner,rl_based,265,true,43.67,436,0,17,1,5,2,1.75,1,5,13,15.07,34.51,130,0.7,0.28,0.45,120,0.55,0.6,0.2
intermediate,rl_based,266,false,60,599,86.5,2,0,5,2,1.73,1,5,17,0,0,170,0.3,0.65,0.15,220,0.85,0.75,0.35
intermediate,rl_based,267,false,60,600,61.6,6,0,5,1,1.62,1,5,16,24.94,41.56,170,0.3,0.65,0.15,220,0.85,0.75,0.35
skilled,rl_based,268,false,60,600,86.5,2,0,5,2,1.66,1,5,17,0,0,195,0.2,0.85,0.06,260,0.95,0.85,0.4
beginner,rl_based,269,false,60,601,58.7,7,0,5,1,1.66,1,5,18,27.34,45.56,130,0.7,0.28,0.45,120,0.55,0.6,0.2
inconsistent,rl_based,270,false,60,600,43.2,8,0,5,2,1.81,1,5,15,53.51,89.19,148.24,0.44,0.52,0.4,210.9,0.85,0.76,0.27
inconsistent,rl_based,271,false,60,599,25.4,11,0,5,1,2.02,1,5,16,29.74,49.57,135.65,0.27,0.47,0.39,226.91,0.62,0.61,0.42
beginner,rl_based,272,true,47.35,473,0,17,1,5,1,1.65,1,5,12,24.54,51.84,130,0.7,0.28,0.45,120,0.55,0.6,0.2
inconsistent,rl_based,273,false,60,601,81.5,3,0,5,2,1.63,1,5,17,0,0,192.83,0.41,0.66,0.14,154.94,0.64,0.83,0.38
skilled,rl_based,274,false,60,600,92.2,1,0,5,1,1.61,1,5,16,0,0,195,0.2,0.85,0.06,260,0.95,0.85,0.4
intermediate,rl_based,275,false,60,600,78.7,3,0,5,1,1.61,1,5,16,46.97,78.29,170,0.3,0.65,0.15,220,0.85,0.75,0.35
intermediate,rl_based,276,false,60,601,92.2,1,0,5,2,1.73,1,5,17,0,0,170,0.3,0.65,0.15,220,0.85,0.75,0.35
intermediate,rl_based,277,false,60,600,92.2,1,0,5,1,1.82,1,5,16,0,0,170,0.3,0.65,0.15,220,0.85,0.75,0.35
inconsistent,rl_based,278,false,60,600,80.8,3,0,5,2,1.94,1,5,17,0,0,173.42,0.22,0.64,0.3,158.17,0.67,0.8,0.34
skilled,rl_based,279,false,60,600,92.2,1,0,5,1,1.66,1,5,18,0,0,195,0.2,0.85,0.06,260,0.95,0.85,0.4
inconsistent,rl_based,280,false,60,601,80.8,3,0,5,2,1.66,1,5,17,0,0,155.54,0.43,0.35,0.11,234.47,0.95,0.71,0.43
skilled,rl_based,281,false,60,601,79.4,3,0,5,2,1.68,1,5,19,6.67,11.11,195,0.2,0.85,0.06,260,0.95,0.85,0.4
beginner,rl_based,282,true,49.28,492,0,15,1,5,2,2.27,1,6,13,31.55,64.01,130,0.7,0.28,0.45,120,0.55,0.6,0.2
beginner,rl_based,283,true,35.2,351,0,16,1,5,1,1.79,1,5,10,25.14,71.43,130,0.7,0.28,0.45,120,0.55,0.6,0.2
beginner,rl_based,284,false,60,599,12.5,14,0,5,1,1.56,1,5,14,37.61,62.68,130,0.7,0.28,0.45,120,0.55,0.6,0.2
intermediate,rl_based,285,false,60,599,100,0,0,5,2,1.59,1,5,15,0,0,170,0.3,0.65,0.15,220,0.85,0.75,0.35
skilled,rl_based,286,false,60,601,72.3,3,0,5,1,2.48,1,6,18,45.59,75.98,195,0.2,0.85,0.06,260,0.95,0.85,0.4
beginner,rl_based,287,false,60,601,41,9,0,5,1,2.13,1,5,16,34,56.67,130,0.7,0.28,0.45,120,0.55,0.6,0.2
intermediate,rl_based,288,false,60,601,59.5,6,0,5,2,1.76,1,5,17,48.27,80.45,170,0.3,0.65,0.15,220,0.85,0.75,0.35
beginner,rl_based,289,false,60,600,36.7,10,0,5,1,1.62,1,5,16,45.33,75.55,130,0.7,0.28,0.45,120,0.55,0.6,0.2
skilled,rl_based,290,false,60,600,92.2,1,0,5,1,1.71,1,5,16,0,0,195,0.2,0.85,0.06,260,0.95,0.85,0.4
inconsistent,rl_based,291,false,60,600,80.1,3,0,5,1,1.78,1,5,18,0,0,150.89,0.31,0.4,0.08,174.27,0.77,0.67,0.34
intermediate,rl_based,292,false,60,599,94.3,1,0,5,1,1.67,1,5,18,0,0,170,0.3,0.65,0.15,220,0.85,0.75,0.35
skilled,rl_based,293,false,60,599,92.2,1,0,5,2,1.65,1,5,17,0,0,195,0.2,0.85,0.06,260,0.95,0.85,0.4
intermediate,rl_based,294,false,60,601,85.8,2,0,5,1,1.97,1,5,18,0,0,170,0.3,0.65,0.15,220,0.85,0.75,0.35
skilled,rl_based,295,false,60,599,56,6,0,5,1,1.97,1,5,18,49.34,82.24,195,0.2,0.85,0.06,260,0.95,0.85,0.4
beginner,rl_based,296,false,60,600,21.8,12,0,5,2,1.9,1,5,19,30.79,51.32,130,0.7,0.28,0.45,120,0.55,0.6,0.2
skilled,rl_based,297,false,60,601,92.2,1,0,5,2,2.29,1,5,19,0,0,195,0.2,0.85,0.06,260,0.95,0.85,0.4
intermediate,rl_based,298,false,60,599,94.3,1,0,5,1,1.77,1,5,18,0,0,170,0.3,0.65,0.15,220,0.85,0.75,0.35
skilled,rl_based,299,false,60,599,86.5,2,0,5,2,1.63,1,5,17,0,0,195,0.2,0.85,0.06,260,0.95,0.85,0.4
intermediate,rl_based,300,false,60,600,78,3,0,5,1,1.77,1,5,18,26.03,43.39,170,0.3,0.65,0.15,220,0.85,0.75,0.35
beginner,rl_based,301,true,54.88,548,0,16,1,5,2,2.17,1,5,17,15.99,29.14,130,0.7,0.28,0.45,120,0.55,0.6,0.2
beginner,rl_based,302,false,60,600,15.3,14,0,5,2,1.88,1,5,19,29.6,49.33,130,0.7,0.28,0.45,120,0.55,0.6,0.2
inconsistent,rl_based,303,false,60,599,58.1,6,0,5,1,2.08,1,5,18,42.02,70.03,167.45,0.64,0.79,0.32,211.72,0.6,0.7,0.44
intermediate,rl_based,304,false,60,600,85.8,2,0,5,1,1.66,1,5,18,0,0,170,0.3,0.65,0.15,220,0.85,0.75,0.35
intermediate,rl_based,305,false,60,599,43.5,7,0,5,2,2.92,1,7,19,51.6,86,170,0.3,0.65,0.15,220,0.85,0.75,0.35
intermediate,rl_based,306,false,60,601,87.2,2,0,5,2,1.89,1,5,19,0,0,170,0.3,0.65,0.15,220,0.85,0.75,0.35
skilled,rl_based,307,false,60,600,68.4,4,0,5,1,2.07,1,6,18,47.03,78.39,195,0.2,0.85,0.06,260,0.95,0.85,0.4
beginner,rl_based,308,false,60,600,6.6,13,0,5,1,2.48,1,6,18,42.77,71.28,130,0.7,0.28,0.45,120,0.55,0.6,0.2
skilled,rl_based,309,false,60,600,92.9,1,0,5,1,1.97,1,5,18,0,0,195,0.2,0.85,0.06,260,0.95,0.85,0.4
intermediate,rl_based,310,false,60,601,75.2,3,0,5,2,2.33,1,5,19,44.94,74.89,170,0.3,0.65,0.15,220,0.85,0.75,0.35
beginner,rl_based,311,false,60,601,23.6,11,0,5,1,2.08,1,6,18,40.28,67.13,130,0.7,0.28,0.45,120,0.55,0.6,0.2
beginner,rl_based,312,false,60,600,59.2,5,0,5,1,2.89,1,6,18,33.75,56.24,130,0.7,0.28,0.45,120,0.55,0.6,0.2
beginner,rl_based,313,false,60,601,66.6,5,0,5,1,1.68,1,5,18,50.67,84.44,130,0.7,0.28,0.45,120,0.55,0.6,0.2
skilled,rl_based,314,false,60,600,60.2,6,0,5,2,1.98,1,5,19,43.06,71.76,195,0.2,0.85,0.06,260,0.95,0.85,0.4
skilled,rl_based,315,false,60,599,78.7,3,0,5,2,2.11,1,5,19,16.27,27.12,195,0.2,0.85,0.06,260,0.95,0.85,0.4
intermediate,rl_based,316,false,60,601,92.9,1,0,5,2,1.99,1,5,19,0,0,170,0.3,0.65,0.15,220,0.85,0.75,0.35
skilled,rl_based,317,false,60,601,55.3,5,0,5,1,2.08,1,6,18,53.61,89.35,195,0.2,0.85,0.06,260,0.95,0.85,0.4
inconsistent,rl_based,318,false,60,600,76.6,3,0,5,1,1.98,1,5,18,46.94,78.24,144.33,0.43,0.64,0.17,249.25,0.8,0.78,0.33
intermediate,rl_based,319,false,60,601,90.4,1,0,5,1,2.51,1,6,18,0,0,170,0.3,0.65,0.15,220,0.85,0.75,0.35
skilled,rl_based,320,false,60,600,76.6,3,0,5,1,2.08,1,5,18,49.06,81.77,195,0.2,0.85,0.06,260,0.95,0.85,0.4
skilled,rl_based,321,false,60,601,84.4,2,0,5,1,1.67,1,5,18,0,0,195,0.2,0.85,0.06,260,0.95,0.85,0.4
intermediate,rl_based,322,false,60,601,62.3,6,0,5,1,1.76,1,5,18,36.53,60.88,170,0.3,0.65,0.15,220,0.85,0.75,0.35
beginner,rl_based,323,true,59.45,594,0,17,1,5,1,1.62,1,5,16,27.99,47.09,130,0.7,0.28,0.45,120,0.55,0.6,0.2
intermediate,rl_based,324,false,60,599,86.5,2,0,5,1,1.98,1,5,18,0,0,170,0.3,0.65,0.15,220,0.85,0.75,0.35
skilled,rl_based,325,false,60,600,78,3,0,5,1,1.87,1,5,18,45.32,75.54,195,0.2,0.85,0.06,260,0.95,0.85,0.4
beginner,rl_based,326,false,60,599,48.1,8,0,5,1,1.97,1,5,18,34.8,58,130,0.7,0.28,0.45,120,0.55,0.6,0.2
intermediate,rl_based,327,false,60,600,72.3,4,0,5,1,1.77,1,5,18,48.17,80.29,170,0.3,0.65,0.15,220,0.85,0.75,0.35
inconsistent,rl_based,328,false,60,601,53.7,8,0,5,2,1.68,1,5,19,30.54,50.9,144.31,0.57,0.44,0.07,191.69,0.9,0.64,0.2
beginner,rl_based,329,false,60,601,13.2,14,0,5,1,1.62,1,5,16,31.61,52.68,130,0.7,0.28,0.45,120,0.55,0.6,0.2
inconsistent,rl_based,330,false,60,599,31.4,10,0,5,2,2.69,1,7,17,40.67,67.78,155.42,0.56,0.78,0.27,188.98,0.73,0.79,0.25
intermediate,rl_based,331,false,60,600,93.6,1,0,5,1,1.77,1,5,18,0,0,170,0.3,0.65,0.15,220,0.85,0.75,0.35
inconsistent,rl_based,332,false,60,600,80.1,3,0,5,2,1.79,1,5,19,0,0,185.62,0.33,0.47,0.17,182.23,0.93,0.69,0.41
inconsistent,rl_based,333,false,60,601,87.2,2,0,5,2,1.76,1,5,17,0,0,194.96,0.23,0.61,0.28,177.53,0.93,0.75,0.39
inconsistent,rl_based,334,false,60,601,12,12,0,5,2,2.92,1,5,19,25.33,42.21,149.28,0.3,0.49,0.24,149.04,0.66,0.79,0.44
beginner,rl_based,335,false,60,600,48.5,7,0,5,2,2.04,1,6,17,50.54,84.24,130,0.7,0.28,0.45,120,0.55,0.6,0.2
skilled,rl_based,336,false,60,600,85.1,2,0,5,1,1.88,1,5,18,0,0,195,0.2,0.85,0.06,260,0.95,0.85,0.4
skilled,rl_based,337,false,60,599,78.7,3,0,5,1,1.62,1,5,16,46.13,76.89,195,0.2,0.85,0.06,260,0.95,0.85,0.4
intermediate,rl_based,338,false,60,599,78,3,0,5,1,1.97,1,5,18,18.93,31.55,170,0.3,0.65,0.15,220,0.85,0.75,0.35
skilled,rl_based,339,false,60,599,100,0,0,5,2,1.98,1,5,19,0,0,195,0.2,0.85,0.06,260,0.95,0.85,0.4
beginner,rl_based,340,false,60,601,58,7,0,5,2,1.67,1,5,19,27.46,45.77,130,0.7,0.28,0.45,120,0.55,0.6,0.2
intermediate,rl_based,341,false,60,600,84.4,2,0,5,1,1.87,1,5,18,0,0,170,0.3,0.65,0.15,220,0.85,0.75,0.35
beginner,rl_based,342,false,60,601,32.4,11,0,5,2,1.69,1,5,15,35.19,58.64,130,0.7,0.28,0.45,120,0.55,0.6,0.2
skilled,rl_based,343,false,60,600,92.2,1,0,5,1,1.67,1,5,18,0,0,195,0.2,0.85,0.06,260,0.95,0.85,0.4
skilled,rl_based,344,false,60,601,85.1,2,0,5,2,1.77,1,5,17,0,0,195,0.2,0.85,0.06,260,0.95,0.85,0.4
skilled,rl_based,345,false,60,600,56,5,0,5,3,2.31,1,6,18,53.06,88.43,195,0.2,0.85,0.06,260,0.95,0.85,0.4
skilled,rl_based,346,false,60,599,81.9,2,0,5,2,2.27,1,6,17,0,0,195,0.2,0.85,0.06,260,0.95,0.85,0.4
skilled,rl_based,347,false,60,601,83.7,2,0,5,1,1.98,1,5,18,0,0,195,0.2,0.85,0.06,260,0.95,0.85,0.4
intermediate,rl_based,348,false,60,600,53.9,6,0,5,2,2.39,1,6,17,44.09,73.48,170,0.3,0.65,0.15,220,0.85,0.75,0.35
intermediate,rl_based,349,false,60,600,100,0,0,5,2,1.62,1,5,17,0,0,170,0.3,0.65,0.15,220,0.85,0.75,0.35
inconsistent,rl_based,350,false,60,599,44,7,0,5,1,2.53,1,5,16,46.94,78.24,166.24,0.25,0.47,0.24,224.28,0.87,0.81,0.32
beginner,rl_based,351,true,39.3,392,0,16,1,5,1,1.73,1,5,10,23.05,58.66,130,0.7,0.28,0.45,120,0.55,0.6,0.2
beginner,rl_based,352,false,60,601,31.7,11,0,5,2,1.65,1,5,17,36.39,60.65,130,0.7,0.28,0.45,120,0.55,0.6,0.2
skilled,rl_based,353,false,60,600,85.1,2,0,5,2,1.87,1,5,17,0,0,195,0.2,0.85,0.06,260,0.95,0.85,0.4
skilled,rl_based,354,false,60,601,92.2,1,0,5,2,1.76,1,5,17,0,0,195,0.2,0.85,0.06,260,0.95,0.85,0.4
beginner,rl_based,355,true,58.93,589,0,16,1,5,1,1.79,1,5,14,16.4,27.82,130,0.7,0.28,0.45,120,0.55,0.6,0.2
intermediate,rl_based,356,false,60,599,85.1,2,0,5,3,1.73,1,5,16,0,0,170,0.3,0.65,0.15,220,0.85,0.75,0.35
inconsistent,rl_based,357,false,60,599,56.3,6,0,5,1,2.03,1,6,16,49.87,83.12,171.47,0.51,0.84,0.16,224.81,0.75,0.82,0.38
beginner,rl_based,358,false,60,601,33.1,11,0,5,1,1.63,1,5,16,33.59,55.99,130,0.7,0.28,0.45,120,0.55,0.6,0.2
skilled,rl_based,359,false,60,599,92.2,1,0,5,1,1.98,1,5,18,0,0,195,0.2,0.85,0.06,260,0.95,0.85,0.4
skilled,rl_based,360,false,60,600,100,0,0,5,1,1.87,1,5,18,0,0,195,0.2,0.85,0.06,260,0.95,0.85,0.4
inconsistent,rl_based,361,false,60,600,81.5,3,0,5,2,1.6,1,5,15,0,0,184.33,0.3,0.74,0.35,217.93,0.92,0.69,0.25
skilled,rl_based,362,false,60,601,92.9,1,0,5,1,1.87,1,5,18,0,0,195,0.2,0.85,0.06,260,0.95,0.85,0.4
beginner,rl_based,363,true,48.07,480,0,16,1,5,1,1.84,1,5,14,24.41,50.78,130,0.7,0.28,0.45,120,0.55,0.6,0.2
skilled,rl_based,364,false,60,599,100,0,0,5,2,2.02,1,5,19,0,0,195,0.2,0.85,0.06,260,0.95,0.85,0.4
intermediate,rl_based,365,false,60,600,92.2,1,0,5,2,1.92,1,5,19,0,0,170,0.3,0.65,0.15,220,0.85,0.75,0.35
beginner,rl_based,366,false,60,599,36,10,0,5,1,1.82,1,5,16,18.81,31.35,130,0.7,0.28,0.45,120,0.55,0.6,0.2
skilled,rl_based,367,false,60,601,92.9,1,0,5,2,1.76,1,5,17,0,0,195,0.2,0.85,0.06,260,0.95,0.85,0.4
inconsistent,rl_based,368,false,60,600,16.1,13,0,5,1,1.68,1,5,14,35.89,59.81,140.13,0.37,0.49,0.35,225.19,0.85,0.79,0.26
skilled,rl_based,369,false,60,601,67.4,4,0,5,1,2.09,1,5,18,50.14,83.56,195,0.2,0.85,0.06,260,0.95,0.85,0.4
inconsistent,rl_based,370,false,60,600,80.1,3,0,5,2,1.66,1,5,17,0,0,168.91,0.33,0.41,0.3,171.5,0.89,0.78,0.45
skilled,rl_based,371,false,60,601,100,0,0,5,1,1.76,1,5,18,0,0,195,0.2,0.85,0.06,260,0.95,0.85,0.4
beginner,rl_based,372,false,60,601,85.1,2,0,5,1,1.67,1,5,18,0,0,130,0.7,0.28,0.45,120,0.55,0.6,0.2
beginner,rl_based,373,true,49.32,493,0,16,1,5,1,2.56,1,6,14,19.33,39.2,130,0.7,0.28,0.45,120,0.55,0.6,0.2
beginner,rl_based,374,false,60,600,48.8,8,0,5,1,1.67,1,5,18,44.27,73.78,130,0.7,0.28,0.45,120,0.55,0.6,0.2
intermediate,rl_based,375,false,60,599,92.9,1,0,5,1,1.56,1,5,14,0,0,170,0.3,0.65,0.15,220,0.85,0.75,0.35
beginner,rl_based,376,false,60,600,50.9,8,0,5,1,1.61,1,5,16,34.68,57.79,130,0.7,0.28,0.45,120,0.55,0.6,0.2
intermediate,rl_based,377,false,60,601,93.6,1,0,5,2,1.64,1,5,17,0,0,170,0.3,0.65,0.15,220,0.85,0.75,0.35
beginner,rl_based,378,false,60,600,27.8,11,0,5,3,2.21,1,6,16,43.72,72.87,130,0.7,0.28,0.45,120,0.55,0.6,0.2
skilled,rl_based,379,false,60,600,94.3,1,0,5,1,2.17,1,6,18,0,0,195,0.2,0.85,0.06,260,0.95,0.85,0.4
skilled,rl_based,380,false,60,599,100,0,0,5,1,1.67,1,5,18,0,0,195,0.2,0.85,0.06,260,0.95,0.85,0.4
skilled,rl_based,381,false,60,601,92.9,1,0,5,1,1.87,1,5,18,0,0,195,0.2,0.85,0.06,260,0.95,0.85,0.4
inconsistent,rl_based,382,false,60,600,23.9,12,0,5,1,2.28,1,6,18,33.46,55.77,168.07,0.55,0.75,0.37,152.89,0.71,0.73,0.26
skilled,rl_based,383,false,60,599,78.7,3,0,5,1,2.08,1,6,18,0.53,0.89,195,0.2,0.85,0.06,260,0.95,0.85,0.4
skilled,rl_based,384,false,60,600,92.2,1,0,5,1,1.61,1,5,16,0,0,195,0.2,0.85,0.06,260,0.95,0.85,0.4
skilled,rl_based,385,false,60,601,100,0,0,5,2,1.63,1,5,17,0,0,195,0.2,0.85,0.06,260,0.95,0.85,0.4
inconsistent,rl_based,386,false,60,600,68,5,0,5,1,2.08,1,6,18,10.4,17.34,174.69,0.31,0.56,0.36,188.88,0.92,0.62,0.24
skilled,rl_based,387,false,60,601,91.5,1,0,5,1,2.18,1,5,18,0,0,195,0.2,0.85,0.06,260,0.95,0.85,0.4
intermediate,rl_based,388,false,60,599,93.6,1,0,5,1,1.66,1,5,18,0,0,170,0.3,0.65,0.15,220,0.85,0.75,0.35
inconsistent,rl_based,389,false,60,601,47.4,8,0,5,1,2.03,1,5,16,44,73.33,181.01,0.53,0.49,0.31,177.46,0.89,0.69,0.29
beginner,rl_based,390,true,49.02,490,0,11,1,5,1,4.57,1,7,14,12.94,26.39,130,0.7,0.28,0.45,120,0.55,0.6,0.2
intermediate,rl_based,391,false,60,599,93.6,1,0,5,2,1.67,1,5,17,0,0,170,0.3,0.65,0.15,220,0.85,0.75,0.35
intermediate,rl_based,392,false,60,599,85.1,2,0,5,1,1.66,1,5,18,0,0,170,0.3,0.65,0.15,220,0.85,0.75,0.35
beginner,rl_based,393,false,60,601,87.9,2,0,5,1,1.61,1,5,16,0,0,130,0.7,0.28,0.45,120,0.55,0.6,0.2
skilled,rl_based,394,false,60,601,83.3,2,0,5,1,2.2,1,6,18,0,0,195,0.2,0.85,0.06,260,0.95,0.85,0.4
intermediate,rl_based,395,false,60,600,50.3,7,0,5,1,2.02,1,6,16,50.89,84.82,170,0.3,0.65,0.15,220,0.85,0.75,0.35
beginner,rl_based,396,true,39.95,399,0,17,1,5,1,1.93,1,5,12,12.8,32.04,130,0.7,0.28,0.45,120,0.55,0.6,0.2
inconsistent,rl_based,397,false,60,600,65.2,5,0,5,1,1.97,1,5,18,43.11,71.85,159.17,0.29,0.63,0.12,175.87,0.67,0.75,0.27
inconsistent,rl_based,398,false,60,600,61.6,6,0,5,1,1.61,1,5,16,48.8,81.33,147.11,0.22,0.54,0.21,156.91,0.83,0.72,0.3
intermediate,rl_based,399,false,60,601,78,3,0,5,1,1.66,1,5,18,50.14,83.57,170,0.3,0.65,0.15,220,0.85,0.75,0.35
intermediate,rl_based,400,false,60,601,63.7,6,0,5,2,1.61,1,5,17,22.67,37.79,170,0.3,0.65,0.15,220,0.85,0.75,0.35
beginner,rl_based,401,true,59.67,596,0,17,1,5,2,1.75,1,5,17,26,43.57,130,0.7,0.28,0.45,120,0.55,0.6,0.2
beginner,rl_based,402,false,60,599,40.3,9,0,5,2,2.1,1,5,19,48.27,80.45,130,0.7,0.28,0.45,120,0.55,0.6,0.2
beginner,rl_based,403,false,60,599,4,15,0,5,1,1.87,1,5,18,27.2,45.34,130,0.7,0.28,0.45,120,0.55,0.6,0.2
intermediate,rl_based,404,false,60,599,85.8,2,0,5,2,2.12,1,5,19,0,0,170,0.3,0.65,0.15,220,0.85,0.75,0.35
inconsistent,rl_based,405,false,60,601,23.2,12,0,5,1,1.62,1,5,16,24.65,41.09,166.68,0.51,0.35,0.28,223.92,0.61,0.67,0.27
inconsistent,rl_based,406,false,60,599,78,3,0,5,1,1.78,1,5,18,45.34,75.57,177.02,0.27,0.84,0.08,175.19,0.73,0.8,0.27
inconsistent,rl_based,407,false,60,600,35.3,10,0,5,1,2.08,1,5,18,41.2,68.67,152.92,0.6,0.67,0.13,230.02,0.73,0.76,0.21
inconsistent,rl_based,408,false,60,601,78,3,0,5,1,1.67,1,5,18,51.34,85.57,149.09,0.32,0.85,0.23,195.5,0.62,0.73,0.22
skilled,rl_based,409,false,60,600,78,3,0,5,2,1.75,1,5,17,30.36,50.6,195,0.2,0.85,0.06,260,0.95,0.85,0.4
intermediate,rl_based,410,false,60,599,71.6,4,0,5,1,1.87,1,5,18,46.81,78.02,170,0.3,0.65,0.15,220,0.85,0.75,0.35
intermediate,rl_based,411,false,60,600,75.8,4,0,5,1,1.88,1,5,18,0.79,1.32,170,0.3,0.65,0.15,220,0.85,0.75,0.35
inconsistent,rl_based,412,false,60,601,67.3,5,0,5,1,1.88,1,5,18,49.87,83.11,156.56,0.37,0.78,0.15,254.04,0.8,0.75,0.26
beginner,rl_based,413,false,60,600,66.6,5,0,5,1,1.79,1,5,18,48.16,80.26,130,0.7,0.28,0.45,120,0.55,0.6,0.2
intermediate,rl_based,414,false,60,600,64.5,4,0,5,1,2.59,1,7,18,45,75,170,0.3,0.65,0.15,220,0.85,0.75,0.35
beginner,rl_based,415,true,54.98,549,0,16,1,5,1,1.78,1,5,16,36.27,65.97,130,0.7,0.28,0.45,120,0.55,0.6,0.2
inconsistent,rl_based,416,false,60,599,75.9,3,0,5,2,2.7,1,6,19,25.6,42.67,151.87,0.25,0.45,0.14,232.93,0.9,0.68,0.21
skilled,rl_based,417,false,60,600,78,3,0,5,2,1.66,1,5,17,39.84,66.4,195,0.2,0.85,0.06,260,0.95,0.85,0.4
beginner,rl_based,418,true,54.68,546,0,16,1,5,2,1.65,1,5,15,32.42,59.28,130,0.7,0.28,0.45,120,0.55,0.6,0.2
intermediate,rl_based,419,false,60,601,79.4,3,0,5,2,1.92,1,5,19,5.07,8.45,170,0.3,0.65,0.15,220,0.85,0.75,0.35
intermediate,rl_based,420,false,60,601,92.9,1,0,5,2,1.67,1,5,19,0,0,170,0.3,0.65,0.15,220,0.85,0.75,0.35
skilled,rl_based,421,false,60,601,74.8,3,0,5,1,2.08,1,6,18,45.86,76.44,195,0.2,0.85,0.06,260,0.95,0.85,0.4
intermediate,rl_based,422,false,60,599,73,4,0,5,2,2.11,1,5,19,29.75,49.58,170,0.3,0.65,0.15,220,0.85,0.75,0.35
skilled,rl_based,423,false,60,601,85.1,2,0,5,1,1.67,1,5,18,0,0,195,0.2,0.85,0.06,260,0.95,0.85,0.4
intermediate,rl_based,424,false,60,601,63.4,5,0,5,2,2.3,1,6,19,41.86,69.77,170,0.3,0.65,0.15,220,0.85,0.75,0.35
beginner,rl_based,425,true,53.78,537,0,15,1,5,1,2.66,1,5,18,32.94,61.24,130,0.7,0.28,0.45,120,0.55,0.6,0.2
skilled,rl_based,426,false,60,600,66.7,4,0,5,2,2.17,1,6,17,50.79,84.66,195,0.2,0.85,0.06,260,0.95,0.85,0.4
beginner,rl_based,427,false,60,600,40.3,9,0,5,2,1.77,1,5,17,31.51,52.52,130,0.7,0.28,0.45,120,0.55,0.6,0.2
inconsistent,rl_based,428,false,60,599,51,7,0,5,1,2.08,1,5,18,48.01,80.01,194.99,0.6,0.76,0.29,167.09,0.93,0.81,0.38
inconsistent,rl_based,429,false,60,601,35.8,8,0,5,2,3.04,1,6,19,49.87,83.12,163.76,0.22,0.81,0.27,190.74,0.86,0.82,0.39
intermediate,rl_based,430,false,60,600,92.2,1,0,5,1,1.77,1,5,18,0,0,170,0.3,0.65,0.15,220,0.85,0.75,0.35
inconsistent,rl_based,431,false,60,601,66.6,5,0,5,2,1.68,1,5,19,45.2,75.33,150.3,0.47,0.63,0.27,166.63,0.62,0.72,0.23
beginner,rl_based,432,false,60,600,21.8,12,0,5,1,1.98,1,5,18,40.13,66.89,130,0.7,0.28,0.45,120,0.55,0.6,0.2
beginner,rl_based,433,false,60,600,9.7,14,0,5,2,1.76,1,5,17,38.27,63.78,130,0.7,0.28,0.45,120,0.55,0.6,0.2
intermediate,rl_based,434,false,60,601,71.6,4,0,5,1,1.88,1,5,18,26.13,43.55,170,0.3,0.65,0.15,220,0.85,0.75,0.35
beginner,rl_based,435,true,59.38,593,0,14,1,5,1,2.51,1,5,18,11.74,19.76,130,0.7,0.28,0.45,120,0.55,0.6,0.2
beginner,rl_based,436,true,54.72,547,0,16,1,5,1,2.12,1,5,16,40.26,73.57,130,0.7,0.28,0.45,120,0.55,0.6,0.2
beginner,rl_based,437,true,59.12,591,0,16,1,5,1,1.89,1,5,14,37.38,63.23,130,0.7,0.28,0.45,120,0.55,0.6,0.2
beginner,rl_based,438,true,33.07,330,0,13,1,5,2,3.76,1,6,11,11.48,34.73,130,0.7,0.28,0.45,120,0.55,0.6,0.2
skilled,rl_based,439,false,60,601,80.8,2,0,5,2,2.09,1,6,17,0,0,195,0.2,0.85,0.06,260,0.95,0.85,0.4
inconsistent,rl_based,440,false,60,601,75.1,4,0,5,1,1.67,1,5,18,10.4,17.34,153.05,0.62,0.84,0.34,254.96,0.78,0.71,0.28
inconsistent,rl_based,441,false,60,600,80.1,3,0,5,2,1.67,1,5,19,0,0,145.87,0.27,0.52,0.3,226.91,0.9,0.69,0.4
intermediate,rl_based,442,false,60,600,85.1,2,0,5,1,1.97,1,5,18,0,0,170,0.3,0.65,0.15,220,0.85,0.75,0.35
skilled,rl_based,443,false,60,600,78,3,0,5,2,1.85,1,5,17,46.7,77.83,195,0.2,0.85,0.06,260,0.95,0.85,0.4
beginner,rl_based,444,true,48.42,484,0,16,1,5,1,1.64,1,5,12,18.01,37.19,130,0.7,0.28,0.45,120,0.55,0.6,0.2
inconsistent,rl_based,445,false,60,599,87.2,2,0,5,1,1.72,1,5,16,0,0,148.34,0.23,0.48,0.24,239.91,0.87,0.72,0.32
intermediate,rl_based,446,false,60,600,94.3,1,0,5,2,1.62,1,5,17,0,0,170,0.3,0.65,0.15,220,0.85,0.75,0.35
skilled,rl_based,447,false,60,601,85.8,2,0,5,1,1.62,1,5,16,0,0,195,0.2,0.85,0.06,260,0.95,0.85,0.4
inconsistent,rl_based,448,false,60,599,31.8,10,0,5,1,1.88,1,5,14,48.67,81.12,180.75,0.54,0.41,0.14,199.05,0.79,0.79,0.36
inconsistent,rl_based,449,false,60,601,64.4,6,0,5,2,1.82,1,5,17,28.66,47.77,137.32,0.29,0.57,0.1,209.53,0.92,0.69,0.43
intermediate,rl_based,450,false,60,600,85.1,2,0,5,2,1.72,1,5,15,0,0,170,0.3,0.65,0.15,220,0.85,0.75,0.35
inconsistent,rl_based,451,false,60,599,80.8,3,0,5,1,1.97,1,5,18,0,0,169.2,0.53,0.84,0.34,209.9,0.88,0.74,0.41
inconsistent,rl_based,452,false,60,599,49.5,8,0,5,1,1.77,1,5,18,30.54,50.9,150.36,0.62,0.82,0.3,244.93,0.8,0.81,0.22
beginner,rl_based,453,false,60,601,63.8,5,0,5,2,1.84,1,5,17,52.12,86.87,130,0.7,0.28,0.45,120,0.55,0.6,0.2
intermediate,rl_based,454,false,60,599,83.7,2,0,5,2,2.66,1,6,17,0,0,170,0.3,0.65,0.15,220,0.85,0.75,0.35
beginner,rl_based,455,false,60,600,38.9,9,0,5,1,1.89,1,5,14,52.32,87.2,130,0.7,0.28,0.45,120,0.55,0.6,0.2
intermediate,rl_based,456,false,60,600,75.1,4,0,5,1,1.52,1,5,12,16.79,27.98,170,0.3,0.65,0.15,220,0.85,0.75,0.35
beginner,rl_based,457,true,52.07,520,0,14,1,5,1,2.66,1,6,16,14,26.89,130,0.7,0.28,0.45,120,0.55,0.6,0.2
skilled,rl_based,458,false,60,599,92.2,1,0,5,3,1.7,1,5,18,0,0,195,0.2,0.85,0.06,260,0.95,0.85,0.4
inconsistent,rl_based,459,false,60,600,43.1,9,0,5,2,1.66,1,5,17,39.88,66.46,169.99,0.34,0.37,0.27,170.41,0.88,0.71,0.2
beginner,rl_based,460,true,40.73,407,0,17,1,5,2,1.66,1,5,9,18.13,44.52,130,0.7,0.28,0.45,120,0.55,0.6,0.2
inconsistent,rl_based,461,false,60,601,94.3,1,0,5,1,1.56,1,5,14,0,0,163.86,0.62,0.55,0.28,247.87,0.87,0.66,0.45
intermediate,rl_based,462,false,60,601,70.9,4,0,5,1,2.23,1,6,16,46.94,78.23,170,0.3,0.65,0.15,220,0.85,0.75,0.35
inconsistent,rl_based,463,false,60,600,94.3,1,0,5,2,1.79,1,5,15,0,0,157.59,0.65,0.44,0.24,188.26,0.7,0.81,0.37
inconsistent,rl_based,464,false,60,600,71.2,4,0,5,2,2.67,1,6,17,19.47,32.45,147.55,0.34,0.58,0.2,182,0.79,0.82,0.36
beginner,rl_based,465,false,60,600,31,11,0,5,1,1.97,1,6,14,22.41,37.34,130,0.7,0.28,0.45,120,0.55,0.6,0.2
inconsistent,rl_based,466,false,60,601,73,4,0,5,1,1.56,1,5,14,48.66,81.1,178.34,0.53,0.58,0.21,254.86,0.7,0.73,0.4
skilled,rl_based,467,false,60,599,84.4,2,0,5,2,2.4,1,5,19,0,0,195,0.2,0.85,0.06,260,0.95,0.85,0.4
skilled,rl_based,468,false,60,601,84.4,2,0,5,1,1.82,1,5,16,0,0,195,0.2,0.85,0.06,260,0.95,0.85,0.4
skilled,rl_based,469,false,60,601,71.6,4,0,5,1,1.58,1,5,14,52.38,87.3,195,0.2,0.85,0.06,260,0.95,0.85,0.4
skilled,rl_based,470,false,60,601,78,3,0,5,2,1.68,1,5,19,48.27,80.44,195,0.2,0.85,0.06,260,0.95,0.85,0.4
skilled,rl_based,471,false,60,599,73.4,3,0,5,2,2.36,1,6,17,43.61,72.69,195,0.2,0.85,0.06,260,0.95,0.85,0.4
beginner,rl_based,472,true,60,600,0,17,1,5,1,1.67,1,5,18,32.41,54.02,130,0.7,0.28,0.45,120,0.55,0.6,0.2
skilled,rl_based,473,false,60,600,75.9,3,0,5,2,2.31,1,5,19,5.46,9.1,195,0.2,0.85,0.06,260,0.95,0.85,0.4
intermediate,rl_based,474,false,60,601,70.2,4,0,5,1,2.49,1,6,18,40.67,67.78,170,0.3,0.65,0.15,220,0.85,0.75,0.35
skilled,rl_based,475,false,60,600,78.7,3,0,5,1,1.77,1,5,18,34.26,57.11,195,0.2,0.85,0.06,260,0.95,0.85,0.4
intermediate,rl_based,476,false,60,599,74.4,4,0,5,1,1.64,1,5,16,24.67,41.11,170,0.3,0.65,0.15,220,0.85,0.75,0.35
inconsistent,rl_based,477,false,60,599,55.9,5,0,5,1,3.22,1,7,18,44.95,74.91,156.37,0.64,0.77,0.19,193.64,0.75,0.7,0.36
beginner,rl_based,478,true,21.38,213,0,9,1,5,8,7.56,5,9,7,9.74,45.53,130,0.7,0.28,0.45,120,0.55,0.6,0.2
beginner,rl_based,479,true,50.58,505,0,17,1,5,2,1.62,1,5,13,22.54,44.56,130,0.7,0.28,0.45,120,0.55,0.6,0.2
intermediate,rl_based,480,false,60,601,56,5,0,5,1,2.48,1,6,14,51.46,85.77,170,0.3,0.65,0.15,220,0.85,0.75,0.35
inconsistent,rl_based,481,false,60,601,7.6,14,0,5,1,1.84,1,5,16,23.2,38.66,141.36,0.51,0.41,0.11,229.39,0.84,0.76,0.33
beginner,rl_based,482,false,60,599,11.1,14,0,5,2,1.63,1,5,15,47.74,79.57,130,0.7,0.28,0.45,120,0.55,0.6,0.2
inconsistent,rl_based,483,false,60,600,2.6,15,0,5,1,1.72,1,5,16,30.42,50.71,146.93,0.31,0.49,0.35,211.95,0.91,0.72,0.34
intermediate,rl_based,484,false,60,601,85.1,2,0,5,2,2.05,1,5,17,0,0,170,0.3,0.65,0.15,220,0.85,0.75,0.35
beginner,rl_based,485,true,52.82,528,0,17,1,5,1,1.59,1,5,12,32.8,62.11,130,0.7,0.28,0.45,120,0.55,0.6,0.2
inconsistent,rl_based,486,false,60,599,69.4,5,0,5,2,2.44,1,5,19,4.13,6.89,179.96,0.39,0.46,0.3,224.48,0.91,0.85,0.32
skilled,rl_based,487,false,60,600,84.4,2,0,5,1,2.1,1,5,18,0,0,195,0.2,0.85,0.06,260,0.95,0.85,0.4
inconsistent,rl_based,488,false,60,599,21,13,0,5,2,1.67,1,5,15,42.67,71.11,170.83,0.34,0.71,0.38,238.11,0.8,0.69,0.21
inconsistent,rl_based,489,false,60,599,7.3,11,0,5,1,2.88,1,6,16,15.07,25.11,169.26,0.43,0.58,0.2,145.49,0.62,0.79,0.39
beginner,rl_based,490,true,46.25,462,0,16,1,5,1,2.2,1,5,12,12.66,27.37,130,0.7,0.28,0.45,120,0.55,0.6,0.2
inconsistent,rl_based,491,false,60,600,43.2,8,0,5,1,2.08,1,6,18,50.37,83.95,138.98,0.53,0.82,0.39,210.65,0.84,0.7,0.29
intermediate,rl_based,492,false,60,601,79.4,3,0,5,1,1.68,1,5,18,27.87,46.45,170,0.3,0.65,0.15,220,0.85,0.75,0.35
inconsistent,rl_based,493,false,60,601,92.2,1,0,5,1,1.62,1,5,16,0,0,181.37,0.29,0.76,0.32,174.27,0.79,0.64,0.26
inconsistent,rl_based,494,false,60,599,58.1,6,0,5,1,2.59,1,6,18,20.8,34.66,177.55,0.56,0.6,0.09,257.23,0.69,0.77,0.23
beginner,rl_based,495,false,60,600,56.6,7,0,5,2,1.75,1,5,17,42.66,71.11,130,0.7,0.28,0.45,120,0.55,0.6,0.2
intermediate,rl_based,496,false,60,601,92.9,1,0,5,3,1.81,1,5,16,0,0,170,0.3,0.65,0.15,220,0.85,0.75,0.35
beginner,rl_based,497,false,60,600,55.9,7,0,5,1,1.61,1,5,16,26.13,43.55,130,0.7,0.28,0.45,120,0.55,0.6,0.2
skilled,rl_based,498,false,60,599,93.6,1,0,5,1,1.57,1,5,14,0,0,195,0.2,0.85,0.06,260,0.95,0.85,0.4
intermediate,rl_based,499,false,60,599,63.7,6,0,5,1,1.62,1,5,16,33.46,55.77,170,0.3,0.65,0.15,220,0.85,0.75,0.35
skilled,rl_based,500,false,60,599,63.8,4,0,5,1,2.49,1,6,18,44.67,74.44,195,0.2,0.85,0.06,260,0.95,0.85,0.4
intermediate,rl_based,501,false,60,600,76.6,3,0,5,3,2.29,1,5,18,43.21,72.01,170,0.3,0.65,0.15,220,0.85,0.75,0.35
intermediate,rl_based,502,false,60,601,78,3,0,5,1,1.61,1,5,16,46.8,78,170,0.3,0.65,0.15,220,0.85,0.75,0.35
beginner,rl_based,503,false,60,601,2.5,16,0,5,1,2.03,1,5,16,32.27,53.78,130,0.7,0.28,0.45,120,0.55,0.6,0.2
intermediate,rl_based,504,false,60,600,85.1,2,0,5,2,1.97,1,5,17,0,0,170,0.3,0.65,0.15,220,0.85,0.75,0.35
beginner,rl_based,505,false,60,601,38.1,10,0,5,1,1.72,1,5,16,37.46,62.44,130,0.7,0.28,0.45,120,0.55,0.6,0.2
intermediate,rl_based,506,false,60,601,76.6,3,0,5,1,2.28,1,5,18,42,70,170,0.3,0.65,0.15,220,0.85,0.75,0.35
beginner,rl_based,507,false,60,600,47.4,8,0,5,1,2.08,1,5,18,40.67,67.78,130,0.7,0.28,0.45,120,0.55,0.6,0.2
inconsistent,rl_based,508,false,60,599,86.5,2,0,5,1,1.62,1,5,16,0,0,191.91,0.28,0.55,0.4,211.42,0.68,0.74,0.44
beginner,rl_based,509,true,57.78,577,0,14,1,5,1,2.81,1,6,16,29.98,51.89,130,0.7,0.28,0.45,120,0.55,0.6,0.2
skilled,rl_based,510,false,60,600,85.8,2,0,5,2,1.97,1,5,17,0,0,195,0.2,0.85,0.06,260,0.95,0.85,0.4
skilled,rl_based,511,false,60,601,80.8,3,0,5,1,1.63,1,5,16,0,0,195,0.2,0.85,0.06,260,0.95,0.85,0.4
intermediate,rl_based,512,false,60,601,65.6,4,0,5,1,2.08,1,6,18,50.54,84.23,170,0.3,0.65,0.15,220,0.85,0.75,0.35
skilled,rl_based,513,false,60,600,78,3,0,5,3,1.88,1,5,16,50.9,84.84,195,0.2,0.85,0.06,260,0.95,0.85,0.4
inconsistent,rl_based,514,false,60,600,5.5,11,0,5,2,3.41,1,7,17,13.06,21.77,165.48,0.29,0.52,0.35,160.73,0.76,0.62,0.28
beginner,rl_based,515,true,47.07,470,0,16,1,5,1,1.72,1,5,14,14.73,31.3,130,0.7,0.28,0.45,120,0.55,0.6,0.2
beginner,rl_based,516,false,60,601,12.5,14,0,5,1,1.77,1,5,18,42.4,70.67,130,0.7,0.28,0.45,120,0.55,0.6,0.2
inconsistent,rl_based,517,false,60,599,59.5,6,0,5,1,1.72,1,5,16,50.66,84.44,179.04,0.54,0.56,0.35,176.61,0.64,0.8,0.29
inconsistent,rl_based,518,false,60,599,84,2,0,5,1,2.03,1,6,16,0,0,141.91,0.4,0.79,0.39,158.08,0.89,0.76,0.29
beginner,rl_based,519,true,50.3,502,0,13,1,5,1,2.61,1,6,12,14,27.83,130,0.7,0.28,0.45,120,0.55,0.6,0.2
beginner,rl_based,520,false,60,599,36,10,0,5,2,1.9,1,5,15,44.41,74.02,130,0.7,0.28,0.45,120,0.55,0.6,0.2
intermediate,rl_based,521,false,60,601,86.5,2,0,5,1,1.61,1,5,16,0,0,170,0.3,0.65,0.15,220,0.85,0.75,0.35
beginner,rl_based,522,false,60,600,4.7,15,0,5,1,1.72,1,5,16,28.47,47.44,130,0.7,0.28,0.45,120,0.55,0.6,0.2
intermediate,rl_based,523,false,60,599,84.4,2,0,5,1,1.97,1,5,18,0,0,170,0.3,0.65,0.15,220,0.85,0.75,0.35
inconsistent,rl_based,524,false,60,600,55.2,5,0,5,1,2.99,1,7,18,51.89,86.48,193.93,0.45,0.71,0.17,148.45,0.76,0.61,0.4
inconsistent,rl_based,525,true,43.13,431,0,15,1,5,2,2.27,1,6,11,15.2,35.24,144.34,0.37,0.55,0.11,223.22,0.92,0.85,0.24
beginner,rl_based,526,false,60,601,36.7,10,0,5,1,1.61,1,5,16,35.19,58.65,130,0.7,0.28,0.45,120,0.55,0.6,0.2
intermediate,rl_based,527,false,60,599,90.4,1,0,5,2,2.26,1,6,17,0,0,170,0.3,0.65,0.15,220,0.85,0.75,0.35
beginner,rl_based,528,false,60,601,30.3,11,0,5,1,1.67,1,5,18,40.66,67.77,130,0.7,0.28,0.45,120,0.55,0.6,0.2
inconsistent,rl_based,529,false,60,600,39.6,7,0,5,2,2.57,1,7,17,52.79,87.99,188.95,0.49,0.81,0.07,177.52,0.73,0.69,0.31
inconsistent,rl_based,530,false,60,599,34.7,9,0,5,1,2.24,1,5,16,50.93,84.89,174.2,0.63,0.47,0.21,222.58,0.91,0.75,0.33
inconsistent,rl_based,531,false,60,599,43.9,8,0,5,1,1.98,1,5,18,50.41,84.02,146.73,0.6,0.67,0.13,151.89,0.95,0.67,0.31
beginner,rl_based,532,false,60,600,44.5,9,0,5,2,1.65,1,5,13,37.86,63.1,130,0.7,0.28,0.45,120,0.55,0.6,0.2
skilled,rl_based,533,false,60,600,78.7,3,0,5,1,2.07,1,5,18,49.75,82.92,195,0.2,0.85,0.06,260,0.95,0.85,0.4
inconsistent,rl_based,534,false,60,601,53.8,7,0,5,1,1.61,1,5,16,39.86,66.44,154.22,0.57,0.63,0.32,208.54,0.67,0.82,0.42
skilled,rl_based,535,false,60,599,92.9,1,0,5,2,1.86,1,5,17,0,0,195,0.2,0.85,0.06,260,0.95,0.85,0.4
inconsistent,rl_based,536,false,60,599,85.8,2,0,5,2,2.31,1,5,19,0,0,176.88,0.49,0.47,0.1,182.02,0.83,0.74,0.34
skilled,rl_based,537,false,60,601,92.2,1,0,5,1,2.51,1,5,18,0,0,195,0.2,0.85,0.06,260,0.95,0.85,0.4
inconsistent,rl_based,538,false,60,599,75.9,3,0,5,1,2.33,1,6,16,38.66,64.44,190.01,0.23,0.48,0.26,210.49,0.9,0.76,0.33
inconsistent,rl_based,539,false,60,599,46.7,8,0,5,2,2.2,1,5,19,38.94,64.89,158.06,0.64,0.56,0.18,178.45,0.94,0.84,0.29
skilled,rl_based,540,false,60,601,100,0,0,5,2,1.87,1,5,19,0,0,195,0.2,0.85,0.06,260,0.95,0.85,0.4
skilled,rl_based,541,false,60,600,82.6,2,0,5,1,2.22,1,6,16,0,0,195,0.2,0.85,0.06,260,0.95,0.85,0.4
intermediate,rl_based,542,false,60,600,56.7,6,0,5,1,2.18,1,5,18,47.04,78.4,170,0.3,0.65,0.15,220,0.85,0.75,0.35
beginner,rl_based,543,false,60,599,65.2,5,0,5,2,1.67,1,5,17,51.73,86.22,130,0.7,0.28,0.45,120,0.55,0.6,0.2
beginner,rl_based,544,true,27.37,273,0,13,1,5,2,4.02,1,7,9,11.33,41.4,130,0.7,0.28,0.45,120,0.55,0.6,0.2
beginner,rl_based,545,false,60,601,25,11,0,5,1,2.13,1,6,16,47.58,79.3,130,0.7,0.28,0.45,120,0.55,0.6,0.2
beginner,rl_based,546,false,60,600,25.3,12,0,5,2,1.77,1,5,17,35.98,59.96,130,0.7,0.28,0.45,120,0.55,0.6,0.2
skilled,rl_based,547,false,60,599,100,0,0,5,1,1.66,1,5,18,0,0,195,0.2,0.85,0.06,260,0.95,0.85,0.4
intermediate,rl_based,548,false,60,599,36,10,0,5,2,1.98,1,5,19,46,76.66,170,0.3,0.65,0.15,220,0.85,0.75,0.35
inconsistent,rl_based,549,false,60,600,55.3,5,0,5,2,2.6,1,6,19,51.65,86.08,166.83,0.33,0.56,0.07,186.39,0.62,0.68,0.42
intermediate,rl_based,550,false,60,599,78,3,0,5,1,2.08,1,5,18,48.93,81.54,170,0.3,0.65,0.15,220,0.85,0.75,0.35
inconsistent,rl_based,551,true,54.18,541,0,14,1,5,1,3.27,1,6,16,28.13,51.92,186.98,0.46,0.57,0.23,171.52,0.68,0.82,0.25
skilled,rl_based,552,false,60,600,92.2,1,0,5,1,1.92,1,5,16,0,0,195,0.2,0.85,0.06,260,0.95,0.85,0.4
inconsistent,rl_based,553,false,60,601,44.3,7,0,5,2,3.25,1,6,19,35.2,58.67,156.99,0.35,0.78,0.22,186.05,0.82,0.6,0.3
inconsistent,rl_based,554,false,60,599,68,5,0,5,1,1.98,1,5,18,31.86,53.1,152.94,0.24,0.74,0.35,151.02,0.94,0.77,0.23
inconsistent,rl_based,555,false,60,600,63,6,0,5,2,1.66,1,5,17,13.07,21.78,172.83,0.55,0.5,0.33,237.53,0.76,0.72,0.38
intermediate,rl_based,556,false,60,600,92.9,1,0,5,1,1.68,1,5,18,0,0,170,0.3,0.65,0.15,220,0.85,0.75,0.35
skilled,rl_based,557,false,60,600,85.1,2,0,5,1,1.67,1,5,18,0,0,195,0.2,0.85,0.06,260,0.95,0.85,0.4
beginner,rl_based,558,true,40.07,400,0,13,1,5,1,3.2,1,7,12,14.26,35.6,130,0.7,0.28,0.45,120,0.55,0.6,0.2
skilled,rl_based,559,false,60,601,78.7,3,0,5,1,2.18,1,6,18,42.67,71.12,195,0.2,0.85,0.06,260,0.95,0.85,0.4
intermediate,rl_based,560,false,60,601,43.1,9,0,5,1,1.88,1,5,18,40.66,67.76,170,0.3,0.65,0.15,220,0.85,0.75,0.35
inconsistent,rl_based,561,false,60,600,62.4,5,0,5,1,2.54,1,5,18,45.86,76.44,153.99,0.42,0.45,0.23,202.42,0.84,0.74,0.27
intermediate,rl_based,562,false,60,600,41.7,9,0,5,1,1.88,1,5,18,45.13,75.22,170,0.3,0.65,0.15,220,0.85,0.75,0.35
intermediate,rl_based,563,false,60,599,27.5,11,0,5,1,1.87,1,5,18,20.54,34.23,170,0.3,0.65,0.15,220,0.85,0.75,0.35
skilled,rl_based,564,false,60,599,36.9,6,0,5,2,3.35,1,8,19,49.2,82,195,0.2,0.85,0.06,260,0.95,0.85,0.4
skilled,rl_based,565,false,60,600,91.5,1,0,5,1,2.12,1,5,18,0,0,195,0.2,0.85,0.06,260,0.95,0.85,0.4
inconsistent,rl_based,566,false,60,601,85.1,2,0,5,1,1.68,1,5,18,0,0,183.31,0.22,0.76,0.37,242.43,0.74,0.75,0.44
intermediate,rl_based,567,false,60,601,85.1,2,0,5,1,1.97,1,5,18,0,0,170,0.3,0.65,0.15,220,0.85,0.75,0.35
intermediate,rl_based,568,false,60,601,78,3,0,5,1,1.83,1,5,16,49.19,81.98,170,0.3,0.65,0.15,220,0.85,0.75,0.35
skilled,rl_based,569,false,60,601,68.8,4,0,5,1,1.87,1,5,18,49.2,81.99,195,0.2,0.85,0.06,260,0.95,0.85,0.4
skilled,rl_based,570,false,60,600,100,0,0,5,2,1.9,1,5,19,0,0,195,0.2,0.85,0.06,260,0.95,0.85,0.4
inconsistent,rl_based,571,false,60,601,56,6,0,5,1,2.3,1,5,18,48.26,80.43,162.95,0.21,0.69,0.23,171.97,0.65,0.7,0.33
inconsistent,rl_based,572,false,60,601,81.9,2,0,5,3,2.15,1,6,18,0,0,186.21,0.26,0.39,0.12,180.74,0.75,0.7,0.31
inconsistent,rl_based,573,true,20.82,208,0,9,1,5,10,7.49,5,10,7,9.47,45.48,140.14,0.38,0.58,0.25,170.48,0.76,0.84,0.25
inconsistent,rl_based,574,false,60,601,73.7,4,0,5,2,1.78,1,5,19,33.59,55.98,139.86,0.61,0.72,0.38,215.03,0.69,0.74,0.42
skilled,rl_based,575,false,60,600,70.1,3,0,5,2,3.13,1,7,19,52.24,87.06,195,0.2,0.85,0.06,260,0.95,0.85,0.4
inconsistent,rl_based,576,false,60,600,21.8,10,0,5,1,3.15,1,7,20,38.67,64.46,181.27,0.39,0.8,0.3,188.39,0.92,0.84,0.28
beginner,rl_based,577,false,60,601,43.9,8,0,5,1,2.08,1,5,18,49.74,82.9,130,0.7,0.28,0.45,120,0.55,0.6,0.2
beginner,rl_based,578,false,60,600,53.1,7,0,5,1,1.77,1,5,18,49.6,82.67,130,0.7,0.28,0.45,120,0.55,0.6,0.2
skilled,rl_based,579,false,60,600,84.4,2,0,5,2,2.12,1,5,19,0,0,195,0.2,0.85,0.06,260,0.95,0.85,0.4
intermediate,rl_based,580,false,60,599,50.3,7,0,5,2,1.9,1,5,19,52.94,88.23,170,0.3,0.65,0.15,220,0.85,0.75,0.35
beginner,rl_based,581,true,54.12,541,0,15,1,5,1,2.83,1,5,16,32.67,60.37,130,0.7,0.28,0.45,120,0.55,0.6,0.2
beginner,rl_based,582,false,60,601,48.1,8,0,5,1,1.68,1,5,18,41.59,69.31,130,0.7,0.28,0.45,120,0.55,0.6,0.2
inconsistent,rl_based,583,false,60,601,75.5,3,0,5,2,2.82,1,6,19,43.59,72.65,186.78,0.34,0.61,0.06,189.58,0.71,0.72,0.39
intermediate,rl_based,584,false,60,600,85.1,2,0,5,1,2.08,1,5,18,0,0,170,0.3,0.65,0.15,220,0.85,0.75,0.35
intermediate,rl_based,585,false,60,601,63.1,5,0,5,1,2.39,1,6,18,43.19,71.99,170,0.3,0.65,0.15,220,0.85,0.75,0.35
beginner,rl_based,586,false,60,599,51.7,7,0,5,1,2.1,1,5,18,48.66,81.1,130,0.7,0.28,0.45,120,0.55,0.6,0.2
skilled,rl_based,587,false,60,599,92.2,1,0,5,1,1.66,1,5,18,0,0,195,0.2,0.85,0.06,260,0.95,0.85,0.4
inconsistent,rl_based,588,false,60,600,8.4,13,0,5,1,1.94,1,5,16,12.26,20.43,141.59,0.43,0.72,0.16,255.31,0.65,0.68,0.33
beginner,rl_based,589,false,60,601,49.5,8,0,5,2,1.75,1,5,17,40.94,68.23,130,0.7,0.28,0.45,120,0.55,0.6,0.2
skilled,rl_based,590,false,60,601,92.2,1,0,5,2,1.76,1,5,17,0,0,195,0.2,0.85,0.06,260,0.95,0.85,0.4
beginner,rl_based,591,true,48.98,489,0,16,1,5,2,2.13,1,5,15,23.2,47.36,130,0.7,0.28,0.45,120,0.55,0.6,0.2
intermediate,rl_based,592,false,60,599,49.6,7,0,5,2,2,1,5,17,50.54,84.24,170,0.3,0.65,0.15,220,0.85,0.75,0.35
skilled,rl_based,593,false,60,601,78.7,3,0,5,2,1.9,1,5,15,46.16,76.93,195,0.2,0.85,0.06,260,0.95,0.85,0.4
intermediate,rl_based,594,false,60,599,80.1,3,0,5,1,1.67,1,5,18,0,0,170,0.3,0.65,0.15,220,0.85,0.75,0.35
inconsistent,rl_based,595,false,60,600,68.8,4,0,5,1,1.97,1,5,18,49.6,82.67,190.21,0.24,0.81,0.1,178.74,0.89,0.62,0.24
beginner,rl_based,596,false,60,600,37.9,8,0,5,2,2.38,1,6,17,52.89,88.15,130,0.7,0.28,0.45,120,0.55,0.6,0.2
inconsistent,rl_based,597,false,60,601,81.5,3,0,5,1,2.14,1,5,16,0,0,189.98,0.53,0.77,0.31,221.59,0.78,0.75,0.45
skilled,rl_based,598,false,60,600,100,0,0,5,1,1.82,1,5,16,0,0,195,0.2,0.85,0.06,260,0.95,0.85,0.4
beginner,rl_based,599,false,60,599,24.6,12,0,5,1,1.8,1,5,18,39.73,66.22,130,0.7,0.28,0.45,120,0.55,0.6,0.2
intermediate,rl_based,600,false,60,600,74.4,4,0,5,1,1.62,1,5,16,25.18,41.97,170,0.3,0.65,0.15,220,0.85,0.75,0.35
